image_name,mood,content_type
0_00124ea83b50f37d.jpg,Calm,Promotional
0_005617151e189073.jpg,Professional,Product Showcase
0_00e26c825cbbf94f.jpg,Energetic,Product Showcase
0_00e98cc91b811366.jpg,Calm,Lifestyle
0_00f3733aaa881434.jpg,Energetic,Lifestyle
0_010383a788e0ea6a.jpg,Professional,Product Showcase
0_010c611f83122d42.jpg,Calm,Product Showcase
0_01278049ada5815a.jpg,Playful,Lifestyle
0_0129fa55a43f1b97.jpg,Professional,Promotional
0_014c34acf67c53b5.jpg,Professional,Promotional
0_01600e68f4379a69.jpg,Calm,Lifestyle
0_016e28f077b8290f.jpg,Professional,Promotional
0_0199bc3e1db115d0.jpg,Professional,Promotional
0_01e2aa2ffa482418.jpg,Calm,Lifestyle
0_0201e36c9815c3ce.jpg,Playful,Promotional
0_02029a7e98218318.jpg,Professional,Product Showcase
0_022b01b33dccc463.jpg,Professional,Promotional
0_0260d2f492d5b433.jpg,Calm,Lifestyle
0_0279b3427f8352e8.jpg,Energetic,Promotional
0_027d9141b87916cf.jpg,Professional,Product Showcase
0_02ed6f0fec0aec93.jpg,Calm,Lifestyle
0_0354a75e36b46b1a.jpg,Energetic,Lifestyle
0_03649a17b4b52ee8.jpg,Calm,Lifestyle
0_03d93e87642daf75.jpg,Calm,Product Showcase
0_041b4401b6fc7ee7.jpg,Energetic,Lifestyle
0_043c9868ec03c044.jpg,Professional,Promotional
0_045340a26bbc7294.jpg,Calm,Lifestyle
0_0460177c1eba267e.jpg,Professional,Promotional
0_046256413cac4e28.jpg,Professional,Product Showcase
0_04639b2fe794ef95.jpg,Professional,Product Showcase
0_046590bbcb0bd9fe.jpg,Calm,Lifestyle
0_04fbfe266b68c5a8.jpg,Calm,Product Showcase
0_05134afc386b2b13.jpg,Playful,Lifestyle
0_05436716e52023a5.jpg,Professional,Product Showcase
0_05fe774304ac9968.jpg,Professional,Product Showcase
0_062e3ddc1b760de6.jpg,Professional,Product Showcase
0_069b06cc973d8b1a.jpg,Calm,Lifestyle
0_06c0e30072225ae0.jpg,Professional,Lifestyle
0_06c7b262df7aad3a.jpg,Professional,Product Showcase
0_06e734bf775ba157.jpg,Energetic,Lifestyle
0_070e33bd8580444d.jpg,Calm,Lifestyle
0_070e5f471ef0c77e.jpg,Energetic,Promotional
0_0710345630c6468c.jpg,Professional,Promotional
0_074223b29b1aff22.jpg,Professional,Product Showcase
0_07f76a8dc1dd09d0.jpg,Playful,Lifestyle
0_08b70055c9507f6b.jpg,Playful,Lifestyle
0_08bb9f40a23721ce.jpg,Calm,Product Showcase
0_096e9c19f4a9a572.jpg,Energetic,Lifestyle
0_09917ace75a0f49e.jpg,Calm,Product Showcase
0_0a59db3b920298a9.jpg,Professional,Promotional
0_0a7ad22c5b040c00.jpg,Energetic,Promotional
0_0ade8078cce74074.jpg,Calm,Lifestyle
0_0b339d979991142b.jpg,Professional,Product Showcase
0_0c47c032f5524d4b.jpg,Professional,Promotional
0_0c53c1c138d0e216.jpg,Playful,Lifestyle
0_0ce90fb75ff6cafa.jpg,Calm,Lifestyle
0_0ddb8de559af7f34.jpg,Energetic,Promotional
0_0ee30e813b3b8808.jpg,Professional,Promotional
0_10373b5243517e9c.jpg,Energetic,Promotional
0_105a2f82e36782b8.jpg,Playful,Lifestyle
0_11064655821e3bef.jpg,Professional,Product Showcase
0_1149b0b30ad6f648.jpg,Calm,Lifestyle
0_1248abb84da0d186.jpg,Calm,Lifestyle
0_12917327a9eb6d66.jpg,Playful,Lifestyle
0_134117b9095f3a9e.jpg,Professional,Product Showcase
0_149c922318ccae59.jpg,Energetic,Promotional
0_14b2359305523df1.jpg,Calm,Lifestyle
0_15212c8f06ba9b21.jpg,Calm,Lifestyle
0_15889a73635f10ba.jpg,Professional,Lifestyle
0_162889d22bc23dd4.jpg,Playful,Lifestyle
0_16f9421ab1282a85.jpg,Calm,Lifestyle
0_178d84e65fff0051.jpg,Professional,Promotional
0_188b718607c75a09.jpg,Calm,Lifestyle
0_1894303ece5787ac.jpg,Calm,Lifestyle
0_18e0d06c68868a35.jpg,Calm,Lifestyle
0_1939b254748a53db.jpg,Calm,Lifestyle
0_1a33eb60d809d15b.jpg,Professional,Promotional
0_1a873e915c88a546.jpg,Professional,Product Showcase
0_1bcab0359f711d59.jpg,Playful,Lifestyle
0_1cf097524ff64ff9.jpg,Playful,Lifestyle
0_1d3b2856f6220ba1.jpg,Calm,Product Showcase
0_1f01f4c82d7d6148.jpg,Playful,Lifestyle
0_1f04b7b07e64a6b9.jpg,Professional,Promotional
0_1f1244e1de030e5f.jpg,Calm,Lifestyle
0_1fb92e4c7091b6d2.jpg,Energetic,Lifestyle
0_1ffd264a2afb437b.jpg,Professional,Product Showcase
0_208d3b86d41490b5.jpg,Playful,Lifestyle
0_21860c579650082b.jpg,Calm,Lifestyle
0_224eed4563e0557e.jpg,Professional,Product Showcase
0_225973af55f770c9.jpg,Professional,Promotional
0_227ec002dd50286f.jpg,Professional,Promotional
0_24d9f9cff88c6753.jpg,Professional,Promotional
0_25160e1446dd9eac.jpg,Professional,Product Showcase
0_259a13f5fdbf861f.jpg,Energetic,Promotional
0_2612fe399f8c57f7.jpg,Calm,Lifestyle
0_2670a86a1fdef471.jpg,Playful,Lifestyle
0_27afe5da5473bf0b.jpg,Energetic,Promotional
0_27c07a58adf9eb2c.jpg,Professional,Product Showcase
0_282e048e3e340815.jpg,Calm,Lifestyle
0_2960f6d19c4c3f9a.jpg,Calm,Lifestyle
0_2a4d414086d17341.jpg,Calm,Product Showcase
0_2a5e43d38be29fc3.jpg,Energetic,Lifestyle
0_2aafff9543df0ad7.jpg,Professional,Promotional
0_2b5cd22857c03724.jpg,Professional,Promotional
0_2bb9decf524f6515.jpg,Energetic,Promotional
0_2da77f4ccabb4023.jpg,Playful,Lifestyle
0_2e55facc076a7675.jpg,Professional,Promotional
0_2f2183376c104c6a.jpg,Professional,Product Showcase
0_2f83269482122f22.jpg,Professional,Promotional
0_316becca2196e88b.jpg,Professional,Promotional
0_332869175a4a14a0.jpg,Professional,Lifestyle
0_334b8043129f988d.jpg,Energetic,Lifestyle
0_33dc27c2e7da9b44.jpg,Calm,Lifestyle
0_3434fec6d0ac1487.jpg,Calm,Lifestyle
0_346db67a2301b534.jpg,Professional,Promotional
0_34f4956425289877.jpg,Professional,Product Showcase
0_353ef04d825ea9be.jpg,Professional,Product Showcase
0_35402bab18809195.jpg,Playful,Lifestyle
0_355b6234503d91c1.jpg,Energetic,Promotional
0_359538c98b06e202.jpg,Professional,Promotional
0_35989ebab01904cc.jpg,Playful,Lifestyle
0_3616743be581896f.jpg,Playful,Lifestyle
0_36ba5ad4346428e6.jpg,Professional,Product Showcase
0_37099c623140d1a7.jpg,Calm,Lifestyle
0_371e79b77bf17702.jpg,Calm,Promotional
0_37acc9ad3c3cb092.jpg,Playful,Lifestyle
0_383ba0f96a8cce98.jpg,Professional,Product Showcase
0_39aa0b669adc0040.jpg,Calm,Lifestyle
0_39d166e96d91f649.jpg,Professional,Promotional
0_39e66616e03d77db.jpg,Playful,Lifestyle
0_3b3605c867ba43f6.jpg,Energetic,Promotional
0_3b73e039ed10079c.jpg,Calm,Promotional
0_3c3a68f553365982.jpg,Professional,Product Showcase
0_3cab4b5d334bc350.jpg,Calm,Lifestyle
0_3ce1c68755aa8f96.jpg,Professional,Promotional
0_3e0b9be7863312df.jpg,Professional,Lifestyle
0_3e227f29a9483bd0.jpg,Calm,Promotional
0_3edccfe429e2ef25.jpg,Energetic,Lifestyle
0_3ef8ed29e5063b6d.jpg,Energetic,Lifestyle
0_3f9b1996b9ac7855.jpg,Calm,Lifestyle
0_4085c91830615a20.jpg,Energetic,Lifestyle
0_408f8070be511a6e.jpg,Calm,Lifestyle
0_40a5829a8274b211.jpg,Professional,Promotional
0_40c3fd768f2af07f.jpg,Professional,Product Showcase
0_4157ca9141b7b364.jpg,Energetic,Promotional
0_4165a0e22a1a69d1.jpg,Professional,Promotional
0_418b2fcd0ad70cfe.jpg,Professional,Product Showcase
0_41af998fb31d293d.jpg,Calm,Lifestyle
0_4267a9b7a8ef4ad7.jpg,Professional,Promotional
0_42d37f17084b08ae.jpg,Professional,Promotional
0_435411391eadef9a.jpg,Energetic,Lifestyle
0_4395b62b9376feab.jpg,Playful,Lifestyle
0_44594da811045d8a.jpg,Professional,Promotional
0_44effb2b332c236a.jpg,Playful,Promotional
0_4566f1cda5eeb26d.jpg,Playful,Lifestyle
0_4573253220417285.jpg,Professional,Product Showcase
0_45e84e0118f72357.jpg,Calm,Promotional
0_4733184b7fe1b41b.jpg,Calm,Lifestyle
0_476a773b09facf75.jpg,Professional,Promotional
0_47a63b4dc68360b6.jpg,Calm,Lifestyle
0_4816b707114225e0.jpg,Calm,Lifestyle
0_486df04d6000a0e4.jpg,Playful,Lifestyle
0_48bcae578f6e7cc4.jpg,Energetic,Lifestyle
0_48cf6f76680112d0.jpg,Professional,Promotional
0_4a7c66b9421073e1.jpg,Professional,Product Showcase
0_4aa3f08c6ce9d6b7.jpg,Playful,Lifestyle
0_4cb94e68eda6c77d.jpg,Professional,Product Showcase
0_4e3634ab6d53e906.jpg,Calm,Lifestyle
0_4ea2d4bed094e7c1.jpg,Professional,Promotional
0_4fa8054781a4c382.jpg,Calm,Lifestyle
0_509ed500f8ddff8b.jpg,Calm,Lifestyle
0_5273e7c5b67edd51.jpg,Energetic,Lifestyle
0_53900222d07d9a9a.jpg,Professional,Promotional
0_54215199966aedb3.jpg,Energetic,Lifestyle
0_548db860b3f9f6d5.jpg,Energetic,Lifestyle
0_559e64df49adf054.jpg,Calm,Product Showcase
0_568b088fefea3046.jpg,Professional,Lifestyle
0_5693c1aff18e2a43.jpg,Energetic,Lifestyle
0_5783093eafe47017.jpg,Professional,Product Showcase
0_57be172c6914c7b9.jpg,Playful,Lifestyle
0_585a5c92dcc00941.jpg,Calm,Lifestyle
0_5880aaeee322b1bd.jpg,Professional,Lifestyle
0_58d661989704c137.jpg,Calm,Lifestyle
0_5a1c9060040720f0.jpg,Professional,Promotional
0_5a3d833c003ed52d.jpg,Professional,Product Showcase
0_5a788b714930d999.jpg,Playful,Lifestyle
0_5a98236a8fd652ac.jpg,Professional,Promotional
0_5adb0d164134ccb3.jpg,Professional,Product Showcase
0_5b7051f9fe5ff6b8.jpg,Professional,Promotional
0_5b86f9bf449187cb.jpg,Playful,Lifestyle
0_5cfe8b1b735bf64e.jpg,Calm,Lifestyle
0_5d799fb62f1e02d7.jpg,Energetic,Promotional
0_5de6c4b14c40039b.jpg,Professional,Product Showcase
0_5e626140edd7c540.jpg,Calm,Lifestyle
0_5f09e2c147b31eb2.jpg,Energetic,Lifestyle
0_5f66c64e721547c7.jpg,Calm,Lifestyle
0_5fc3478e4b85c717.jpg,Professional,Lifestyle
0_6063c0e023d72d21.jpg,Calm,Lifestyle
0_6189ef80af5ee2d7.jpg,Professional,Promotional
0_61a22708ccc600b5.jpg,Calm,Lifestyle
0_61f4ef27711b9eff.jpg,Professional,Product Showcase
0_6339071b676b47bc.jpg,Professional,Promotional
0_63e50811dc46ead5.jpg,Professional,Lifestyle
0_648cddb78d2917fc.jpg,Playful,Lifestyle
0_656e08da323e3b5e.jpg,Energetic,Lifestyle
0_65a2e50f8ef8c76a.jpg,Energetic,Lifestyle
0_665206cc42fa50ab.jpg,Professional,Product Showcase
0_68111d701e43b1ce.jpg,Energetic,Product Showcase
0_6852fc6160b1345d.jpg,Professional,Promotional
0_68f32f2945f199c4.jpg,Calm,Lifestyle
0_6928c3ade91458d3.jpg,Energetic,Lifestyle
0_6a2580b4e92d5a12.jpg,Playful,Lifestyle
0_6a57ec1a95c2f0e0.jpg,Professional,Promotional
0_6a88af8bbdcd7694.jpg,Professional,Promotional
0_6b1ebbf82f2a3233.jpg,Energetic,Lifestyle
0_6bea448a39fd4a5a.jpg,Playful,Lifestyle
0_6c67376411fa45c7.jpg,Energetic,Promotional
0_6c7894c838653f32.jpg,Playful,Product Showcase
0_6c8ad49454c99dec.jpg,Professional,Promotional
0_6d02a071801d3f12.jpg,Calm,Lifestyle
0_6eb9c6a0445804d7.jpg,Playful,Lifestyle
0_6ec2d9dfe44b3d99.jpg,Professional,Promotional
0_708a72084383a0a8.jpg,Calm,Lifestyle
0_70992fe564026ec3.jpg,Professional,Promotional
0_709cad4cafcc8be5.jpg,Playful,Promotional
0_7117a24aaccc2779.jpg,Playful,Lifestyle
0_717dcd9a5fefe1b8.jpg,Calm,Lifestyle
0_718bb84a7c4847fa.jpg,Energetic,Lifestyle
0_71bca6a6ad4ff98a.jpg,Professional,Product Showcase
0_721e712aedeb3f57.jpg,Professional,Promotional
0_738cad1ca7d2d17a.jpg,Energetic,Lifestyle
0_73a9ebd76d915170.jpg,Energetic,Lifestyle
0_73e221e546df3255.jpg,Calm,Lifestyle
0_74067bd94d44b457.jpg,Professional,Promotional
0_746c123a3b79a540.jpg,Calm,Lifestyle
0_75e31b1175f6fdb9.jpg,Calm,Lifestyle
0_767f2a603c9a61a6.jpg,Professional,Product Showcase
0_77a96bacd9c1db1a.jpg,Professional,Promotional
0_78aebeafb75370d3.jpg,Energetic,Lifestyle
0_78e2d3c59556b780.jpg,Energetic,Promotional
0_79093b08590db299.jpg,Calm,Lifestyle
0_79ac7b296d54afc0.jpg,Playful,Lifestyle
0_7a43ba5b962da13f.jpg,Calm,Lifestyle
0_7c5f37681ea6e7bb.jpg,Energetic,Lifestyle
0_7dea772278e82cfe.jpg,Professional,Promotional
0_7e3fd1791f25d6ed.jpg,Calm,Product Showcase
0_7ee04cfe4478737b.jpg,Calm,Lifestyle
0_7f16f6d23fd4e90f.jpg,Playful,Lifestyle
0_7f32be9b30b8d983.jpg,Professional,Product Showcase
0_7fcd1cb1d61761a0.jpg,Professional,Promotional
0_807fbdbc6b0fb89f.jpg,Professional,Lifestyle
0_80a0e6acd9021999.jpg,Professional,Product Showcase
0_80bb5fd727ed10f0.jpg,Professional,Promotional
0_80cfd9798bd15044.jpg,Playful,Lifestyle
0_8163c6394d632922.jpg,Calm,Lifestyle
0_8168bfd5632f443a.jpg,Professional,Product Showcase
0_8169378e121f6f92.jpg,Playful,Lifestyle
0_8182d6872384d0fd.jpg,Professional,Product Showcase
0_81b9c7ed5d0fe067.jpg,Professional,Promotional
0_831df818224869c8.jpg,Calm,Product Showcase
0_83214bf98449923c.jpg,Professional,Promotional
0_847e0bcbca205ae9.jpg,Calm,Lifestyle
0_84bf12350bf50b10.jpg,Energetic,Lifestyle
0_84dbc129eab51735.jpg,Energetic,Lifestyle
0_851ee81d22f52b60.jpg,Calm,Lifestyle
0_85612605b1d0cf1c.jpg,Professional,Product Showcase
0_8627e2c20a6a25ac.jpg,Calm,Lifestyle
0_8652e44e34f6b7ea.jpg,Calm,Lifestyle
0_8669dc1de7543b38.jpg,Playful,Product Showcase
0_870712ec159d4ad7.jpg,Professional,Promotional
0_8766c2f0c3586085.jpg,Playful,Lifestyle
0_87b61e2207ffd388.jpg,Calm,Lifestyle
0_8852e81be79afd54.jpg,Playful,Lifestyle
0_89101c63a5aa131c.jpg,Professional,Product Showcase
0_89a10192ed342f8f.jpg,Professional,Promotional
0_89b007cd72ee7003.jpg,Professional,Lifestyle
0_89f68333e6f2998d.jpg,Playful,Lifestyle
0_8a4172e341614f90.jpg,Calm,Lifestyle
0_8a806a101b4e0cc4.jpg,Professional,Promotional
0_8a849f25581bcc3e.jpg,Calm,Lifestyle
0_8aa5e0d4c76f60da.jpg,Energetic,Lifestyle
0_8b49472a8a1a95db.jpg,Calm,Lifestyle
0_8d581641f3465b70.jpg,Energetic,Lifestyle
0_8d94e2ddc8392e49.jpg,Professional,Promotional
0_8e6801e98eb1d87f.jpg,Calm,Lifestyle
0_8e8ab1904e8021e8.jpg,Playful,Lifestyle
0_8e9fd3fe3514e491.jpg,Calm,Lifestyle
0_8f8c79bb8ec2f636.jpg,Playful,Lifestyle
0_8fa4f18ed2bf1c40.jpg,Professional,Promotional
0_8fb129fbd1009c81.jpg,Professional,Promotional
0_903edc45736e09ac.jpg,Professional,Product Showcase
0_90fadabf3395481d.jpg,Professional,Promotional
0_9146cf32b99c9611.jpg,Calm,Lifestyle
0_918e1da5b8d162c8.jpg,Professional,Lifestyle
0_91921462ed4dd520.jpg,Calm,Lifestyle
0_927102f948c48fa6.jpg,Calm,Lifestyle
0_9360d4c182cfafcc.jpg,Professional,Promotional
0_94c184c308c82897.jpg,Calm,Lifestyle
0_96394bf96d895046.jpg,Playful,Lifestyle
0_96abe0c58eefae07.jpg,Energetic,Lifestyle
0_96b05f1842ee5698.jpg,Energetic,Lifestyle
0_9715f777c3ec058d.jpg,Professional,Promotional
0_97326171dabaa67e.jpg,Playful,Lifestyle
0_97959a639f818f5e.jpg,Energetic,Promotional
0_97b0c9d05cfbb7d8.jpg,Calm,Product Showcase
0_99c1a6eebed1b699.jpg,Energetic,Lifestyle
0_9ab26fb3340f4246.jpg,Calm,Promotional
0_9b043e64f6e41ea8.jpg,Calm,Lifestyle
0_9bc088255afdadcd.jpg,Calm,Lifestyle
0_9bca3052fba67c09.jpg,Calm,Lifestyle
0_9bf6bc0d022fe774.jpg,Calm,Lifestyle
0_9c0c721bec0dd53d.jpg,Professional,Promotional
0_9cee54f58cae44f2.jpg,Energetic,Lifestyle
0_9e2a6d267f4e3fc1.jpg,Calm,Product Showcase
0_9f2be050cc33d4e8.jpg,Energetic,Promotional
0_9f3bbb596ace9f54.jpg,Energetic,Lifestyle
0_9ff793c74588e8b2.jpg,Calm,Lifestyle
0_a098ed30cb404c48.jpg,Calm,Lifestyle
0_a0a85e52fa67d727.jpg,Professional,Promotional
0_a0b66672271c1fec.jpg,Energetic,Lifestyle
0_a11d05f18bc0ecbf.jpg,Calm,Product Showcase
0_a1e4ec2d8c9265b0.jpg,Calm,Lifestyle
0_a22c10e945350402.jpg,Calm,Lifestyle
0_a2adcf97afc47d8f.jpg,Calm,Lifestyle
0_a329e6cd104bf84a.jpg,Calm,Lifestyle
0_a39868070f151029.jpg,Playful,Lifestyle
0_a4102da2506ab5b5.jpg,Professional,Promotional
0_a43fe134561a3d52.jpg,Calm,Lifestyle
0_a4e5581e125c15bf.jpg,Calm,Lifestyle
0_a5156da6bf0e4476.jpg,Professional,Promotional
0_a53c88b1a6bfa22b.jpg,Calm,Lifestyle
0_a54b2f00cd11bdb2.jpg,Playful,Lifestyle
0_a54ea6be4952ea75.jpg,Professional,Promotional
0_a5709bf98687dc6b.jpg,Professional,Promotional
0_a5ebe86b73c0264a.jpg,Playful,Lifestyle
0_a6193b3b38705806.jpg,Playful,Lifestyle
0_a6743141fa0d5cd1.jpg,Calm,Lifestyle
0_a6a264ee286fd468.jpg,Calm,Promotional
0_a75617f05b127efd.jpg,Playful,Lifestyle
0_a75640997d807109.jpg,Calm,Lifestyle
0_a757c49f5d044f30.jpg,Calm,Lifestyle
0_a8910bbd6b0325b0.jpg,Energetic,Promotional
0_a8addf70644c5cda.jpg,Playful,Lifestyle
0_a8db7ceafb5a2df3.jpg,Professional,Lifestyle
0_a8f88b1b1267ac53.jpg,Energetic,Promotional
0_aab4bf54d2f53fa0.jpg,Energetic,Promotional
0_ab212f492c65cf26.jpg,Playful,Product Showcase
0_ab874f1a2bf879cc.jpg,Energetic,Lifestyle
0_abf0a47fe81780fd.jpg,Playful,Lifestyle
0_ac999ebcc3c29656.jpg,Professional,Promotional
0_acf24a6b0b601675.jpg,Professional,Product Showcase
0_ad067a25004c53a1.jpg,Calm,Lifestyle
0_ae363004e1916802.jpg,Calm,Lifestyle
0_ae76689b005b7242.jpg,Calm,Lifestyle
0_aef33457cb60d2fa.jpg,Professional,Product Showcase
0_af411da175ee9cf2.jpg,Professional,Promotional
0_b0813c5f9be81380.jpg,Professional,Promotional
0_b0a6cb62eff48606.jpg,Calm,Lifestyle
0_b0ea12dce6ef622b.jpg,Professional,Promotional
0_b16757c0e51bd7ff.jpg,Calm,Lifestyle
0_b183ceb5c6188874.jpg,Professional,Promotional
0_b19317910752964f.jpg,Energetic,Lifestyle
0_b21c55d94c1ea748.jpg,Playful,Lifestyle
0_b242ce9e8b0cc3b4.jpg,Professional,Promotional
0_b291f655a3163885.jpg,Professional,Promotional
0_b2d9c0c1fd8eab06.jpg,Professional,Lifestyle
0_b2ec2f88087ffa32.jpg,Calm,Lifestyle
0_b333fb33991b4902.jpg,Energetic,Lifestyle
0_b3ca584467749755.jpg,Calm,Lifestyle
0_b3d1dbb1bcedf971.jpg,Professional,Product Showcase
0_b4285f8648713ad9.jpg,Professional,Promotional
0_b4ef126ea689111b.jpg,Professional,Promotional
0_b58febb60be658e6.jpg,Energetic,Lifestyle
0_b5b3ba9ac54f67cc.jpg,Calm,Lifestyle
0_b620f72929e10ee3.jpg,Professional,Promotional
0_b66877a01745a116.jpg,Professional,Promotional
0_b6c9a8cf2ec3ca30.jpg,Professional,Promotional
0_b7911bbe3d394dda.jpg,Professional,Product Showcase
0_b835630d5440aec6.jpg,Professional,Promotional
0_b932fa1ba30035ae.jpg,Professional,Promotional
0_b9c859e34c57c4e9.jpg,Energetic,Lifestyle
0_b9cab0dcf55c481b.jpg,Calm,Product Showcase
0_b9fc460f41259997.jpg,Professional,Product Showcase
0_bb781b349548b8e2.jpg,Professional,Promotional
0_bba4332103681c78.jpg,Playful,Lifestyle
0_bbd5e6365abfa7f0.jpg,Professional,Promotional
0_bbec09879a493a06.jpg,Playful,Lifestyle
0_bc3beb8c4571d5ca.jpg,Calm,Lifestyle
0_bc9ed7fa22b3cab5.jpg,Professional,Product Showcase
0_bcfdb93fad126e8b.jpg,Professional,Promotional
0_bd2eb37d2ac04073.jpg,Professional,Lifestyle
0_bde4c270482e58a7.jpg,Professional,Promotional
0_be3be76f693bf1e0.jpg,Professional,Promotional
0_be7452471356aa7e.jpg,Energetic,Promotional
0_be8fffdeb9ef1b45.jpg,Energetic,Lifestyle
0_bf6580e9e524afac.jpg,Playful,Product Showcase
0_c01ffb78817de038.jpg,Professional,Promotional
0_c1240e9448f868c5.jpg,Playful,Lifestyle
0_c1783b981ccac1aa.jpg,Professional,Product Showcase
0_c19d97ac046ffdce.jpg,Calm,Lifestyle
0_c1b0fcdda007adbf.jpg,Calm,Lifestyle
0_c23234b7418c2a99.jpg,Calm,Lifestyle
0_c3381cd9630953cd.jpg,Energetic,Promotional
0_c346c10fa9e7202a.jpg,Energetic,Lifestyle
0_c4725090a3ab0288.jpg,Professional,Promotional
0_c486611ae9f95b0c.jpg,Playful,Lifestyle
0_c4ff473e0ee5ba31.jpg,Playful,Promotional
0_c50816700d5827fc.jpg,Playful,Lifestyle
0_c556d0963374bf7d.jpg,Professional,Promotional
0_c5b913d832d6372c.jpg,Professional,Promotional
0_c5c7fed47e306448.jpg,Professional,Promotional
0_c64cc4d99ef0e0bb.jpg,Calm,Lifestyle
0_c671b2c714f68ca6.jpg,Professional,Promotional
0_c6a97c1fcfc1f758.jpg,Calm,Lifestyle
0_c71ec563b3bc5aee.jpg,Energetic,Promotional
0_c73f01ade2593e38.jpg,Professional,Promotional
0_c7505f1da81ba1c0.jpg,Calm,Lifestyle
0_c7c4244f6c31a7ad.jpg,Playful,Promotional
0_c7d20027c9a8ea92.jpg,Professional,Promotional
0_c804c95aa0fac4f5.jpg,Professional,Promotional
0_c8c6066e2752f846.jpg,Calm,Lifestyle
0_c92ca8b2f5ab0e13.jpg,Calm,Lifestyle
0_c9e3b67ed52929b4.jpg,Professional,Promotional
0_ca04e4db9669cf80.jpg,Calm,Lifestyle
0_cad7f721c4ed54cf.jpg,Professional,Promotional
0_cb101acda48efd16.jpg,Calm,Lifestyle
0_cd4e09e577abbc7f.jpg,Calm,Lifestyle
0_cde2dd8736e5ba4a.jpg,Energetic,Promotional
0_ce92438a2257c8d6.jpg,Professional,Product Showcase
0_cea24ef0f283be61.jpg,Professional,Promotional
0_ceb66b7c758db66a.jpg,Playful,Lifestyle
0_ceca075d92486d7c.jpg,Professional,Product Showcase
0_cf1d7874aa6eb374.jpg,Calm,Lifestyle
0_cf8cb3a7734974e0.jpg,Calm,Lifestyle
0_cfcacfb7a56f6757.jpg,Calm,Lifestyle
0_cfd08b65da9f4edc.jpg,Calm,Lifestyle
0_d017040c5da06409.jpg,Professional,Promotional
0_d04bd85dd231602e.jpg,Playful,Lifestyle
0_d066d8c21f939429.jpg,Energetic,Lifestyle
0_d0a3e8abaf64c1e6.jpg,Professional,Promotional
0_d1150ab597d94025.jpg,Playful,Lifestyle
0_d15692389bd77206.jpg,Energetic,Lifestyle
0_d15d786713ef2d57.jpg,Calm,Lifestyle
0_d16899b9ba7a6c4c.jpg,Calm,Lifestyle
0_d178d4598b5de33a.jpg,Energetic,Promotional
0_d17c35176c2eb936.jpg,Calm,Lifestyle
0_d1b248becaa44891.jpg,Professional,Lifestyle
0_d1d1b3240c79a15e.jpg,Professional,Product Showcase
0_d21ffe1eaa2ab6ac.jpg,Calm,Lifestyle
0_d243bbc3eccfbac6.jpg,Playful,Lifestyle
0_d251160064dd67eb.jpg,Energetic,Lifestyle
0_d2579bc8f1dd45b5.jpg,Playful,Lifestyle
0_d28e2361b30754b2.jpg,Professional,Promotional
0_d294eacbb12ef1b7.jpg,Energetic,Lifestyle
0_d2a8b448a97849a5.jpg,Calm,Lifestyle
0_d3240431d8768a5d.jpg,Calm,Lifestyle
0_d33ec16731f602f6.jpg,Energetic,Promotional
0_d3c11ab1a15e6d6d.jpg,Calm,Lifestyle
0_d4c1d7bb0aa47ccd.jpg,Professional,Lifestyle
0_d4e0fb0fd4eb61f9.jpg,Professional,Promotional
0_d51411c79b8e66c6.jpg,Calm,Lifestyle
0_d55e1e82166900b5.jpg,Energetic,Promotional
0_d562a27a148d50a9.jpg,Professional,Lifestyle
0_d6341669d02047d5.jpg,Calm,Lifestyle
0_d63a6039a81b63c1.jpg,Professional,Promotional
0_d67c91263fcbc99d.jpg,Playful,Lifestyle
0_d6cf0f6ddc028426.jpg,Energetic,Promotional
0_d7082866ef3bcade.jpg,Energetic,Lifestyle
0_d7671e1176dddaa6.jpg,Professional,Lifestyle
0_d7b822b5a8341d82.jpg,Energetic,Promotional
0_d8d2add6985cfc52.jpg,Professional,Promotional
0_d98a7bee668f70a5.jpg,Energetic,Lifestyle
0_d9b34f7c031cbec7.jpg,Professional,Lifestyle
0_d9b6df304c1f96f5.jpg,Calm,Lifestyle
0_da7f48f0dd55d665.jpg,Professional,Product Showcase
0_da8ccd9b66192bab.jpg,Professional,Promotional
0_daaf6ec7fa061d46.jpg,Calm,Lifestyle
0_dad7857313e576d8.jpg,Energetic,Lifestyle
0_db64c94d029a3648.jpg,Professional,Promotional
0_dbb88495b11d0507.jpg,Calm,Lifestyle
0_dce8a11f81745102.jpg,Professional,Promotional
0_ddb3d46bae4a66e1.jpg,Calm,Lifestyle
0_ddcb4b7478e9917b.jpg,Calm,Product Showcase
0_de24dee9863c8836.jpg,Energetic,Product Showcase
0_de834a0214b0ec24.jpg,Energetic,Lifestyle
0_deb0a4c86cf69782.jpg,Professional,Promotional
0_df09a096454c52d5.jpg,Professional,Product Showcase
0_dfca4b8084dde0e4.jpg,Professional,Promotional
0_dfe899eb9df462f6.jpg,Professional,Lifestyle
0_e009f93520be5136.jpg,Calm,Lifestyle
0_e04b4f022ad022fc.jpg,Professional,Promotional
0_e076290d7bcabf9b.jpg,Calm,Lifestyle
0_e0f144e79f1318f6.jpg,Calm,Product Showcase
0_e10b32d8e7697ca9.jpg,Professional,Promotional
0_e1b23efbc125e6f8.jpg,Professional,Promotional
0_e23543c420eb917b.jpg,Professional,Promotional
0_e24aade737aacb85.jpg,Playful,Lifestyle
0_e3704362d6c044aa.jpg,Energetic,Product Showcase
0_e3f3d27639a279b7.jpg,Calm,Lifestyle
0_e41ca7e9fc38ef42.jpg,Professional,Promotional
0_e589f2e752e376ee.jpg,Calm,Product Showcase
0_e5ab1a933745c258.jpg,Professional,Lifestyle
0_e5ae6b26a68071f5.jpg,Professional,Promotional
0_e64117bdbaa2bd9e.jpg,Playful,Lifestyle
0_e6d4e540c2494b2e.jpg,Energetic,Promotional
0_e711a27ccb080e7a.jpg,Energetic,Promotional
0_e765bfc51a964b1a.jpg,Professional,Promotional
0_e79286676727af28.jpg,Calm,Promotional
0_e8038fa1e9789ef6.jpg,Calm,Lifestyle
0_e8461b518874a5eb.jpg,Energetic,Promotional
0_e848e76234f7f15c.jpg,Playful,Lifestyle
0_e92dffba0943918e.jpg,Calm,Product Showcase
0_e9b446341dfa0a63.jpg,Energetic,Lifestyle
0_ea2b2b39b3e26315.jpg,Playful,Promotional
0_ea46e8886e040820.jpg,Calm,Lifestyle
0_eac8e0c6af8bf66c.jpg,Calm,Lifestyle
0_eb31373e8f152ee4.jpg,Calm,Lifestyle
0_eb6441ec1528ba0c.jpg,Calm,Lifestyle
0_eb97bb8f68822d8b.jpg,Playful,Lifestyle
0_ec1a5e86a7d570c8.jpg,Calm,Lifestyle
0_ec774bcc59852020.jpg,Professional,Promotional
0_ecc8bcce9115900e.jpg,Calm,Lifestyle
0_ecf8cee8bdbf02da.jpg,Professional,Promotional
0_ed9680d51f185f95.jpg,Professional,Promotional
0_ee38638b66fd0a93.jpg,Calm,Promotional
0_eec4ea440db2a1a9.jpg,Professional,Promotional
0_efe54a6e9b19ae6c.jpg,Energetic,Promotional
0_f007bd34f0e07006.jpg,Energetic,Lifestyle
0_f06373f28b5d18c6.jpg,Energetic,Promotional
0_f0a9e30a2263b198.jpg,Energetic,Lifestyle
0_f0bc8f1578cf347c.jpg,Energetic,Promotional
0_f0e6b2cb20f8b94f.jpg,Energetic,Promotional
0_f189f432d6dfe20f.jpg,Calm,Lifestyle
0_f1bafb99791248a2.jpg,Professional,Promotional
0_f41df4e3f2dd1068.jpg,Calm,Lifestyle
0_f46f168dc91178e0.jpg,Calm,Lifestyle
0_f488d724af5b2625.jpg,Energetic,Lifestyle
0_f4a5396e194a0479.jpg,Calm,Lifestyle
0_f4c1bec666776df5.jpg,Energetic,Lifestyle
0_f577bed650d5b3a7.jpg,Calm,Lifestyle
0_f5ffd3631d50035b.jpg,Professional,Promotional
0_f6a6048752ccae07.jpg,Calm,Product Showcase
0_f6a8cb18a102ab7e.jpg,Energetic,Lifestyle
0_f71869177afe5816.jpg,Energetic,Lifestyle
0_f72c095e0a01c2b4.jpg,Calm,Lifestyle
0_f73eb374541e02e2.jpg,Calm,Lifestyle
0_f7de2943a98d2110.jpg,Professional,Product Showcase
0_f85123ac41083213.jpg,Calm,Lifestyle
0_f8cbb7c015adf0c0.jpg,Professional,Promotional
0_f9826e51e43e5b9c.jpg,Calm,Promotional
0_fa1c0e89a3b23889.jpg,Energetic,Lifestyle
0_fb9973bd8de968b9.jpg,Playful,Lifestyle
0_fc374a91ed1270fc.jpg,Professional,Product Showcase
0_fc44042839319aeb.jpg,Professional,Promotional
0_fd7b87a36039deda.jpg,Professional,Promotional
0_fdc84259765d7779.jpg,Professional,Promotional
0_fea07643c0bf7a4d.jpg,Calm,Lifestyle
0_feb759b49fa72026.jpg,Professional,Product Showcase
0_ff4641cb164803dc.jpg,Calm,Lifestyle
0_ff6daa26261342f7.jpg,Professional,Promotional
0_ff915f054b45a2e3.jpg,Calm,Lifestyle
0_ffbcb634a61346f7.jpg,Professional,Promotional
0_ffcb1760250d0240.jpg,Calm,Lifestyle
0_ffe223986b19bec3.jpg,Calm,Lifestyle
1_00005903203677bc.jpg,Calm,Lifestyle
1_00008d167563158c.jpg,Calm,Promotional
1_00124ea83b50f37d.jpg,Calm,Promotional
1_006afe56d09e8a25.jpg,Professional,Promotional
1_00869b41796072cc.jpg,Professional,Lifestyle
1_00dad143a77fb184.jpg,Calm,Lifestyle
1_00f3733aaa881434.jpg,Energetic,Lifestyle
1_00f4358b7bf03f04.jpg,Calm,Lifestyle
1_01123d1f0870a26e.jpg,Calm,Lifestyle
1_0129fa55a43f1b97.jpg,Professional,Promotional
1_017e6da6dbaaca1c.jpg,Calm,Lifestyle
1_019e4d11bdce18a0.jpg,Calm,Lifestyle
1_0202faf23a9aae11.jpg,Calm,Lifestyle
1_02219d59ad2d4e27.jpg,Playful,Lifestyle
1_02367b5e2aeb0128.jpg,Energetic,Product Showcase
1_02c2e880229f8d8f.jpg,Professional,Promotional
1_046590bbcb0bd9fe.jpg,Calm,Lifestyle
1_0473df21870145f4.jpg,Calm,Lifestyle
1_047ad356d17648e5.jpg,Energetic,Promotional
1_049d5cf770f29f14.jpg,Calm,Lifestyle
1_05134afc386b2b13.jpg,Playful,Lifestyle
1_058cadfc297497b0.jpg,Energetic,Promotional
1_0612b755421af8b6.jpg,Professional,Product Showcase
1_061dd8969515a3eb.jpg,Professional,Promotional
1_068d6f3ae51a7d21.jpg,Calm,Lifestyle
1_06e734bf775ba157.jpg,Energetic,Lifestyle
1_070e5f471ef0c77e.jpg,Energetic,Promotional
1_075feb565ce68b25.jpg,Calm,Lifestyle
1_080a63e41f3b5772.jpg,Calm,Lifestyle
1_08411ca783c10810.jpg,Calm,Lifestyle
1_08b7ad031e55bcae.jpg,Calm,Lifestyle
1_09538b5296c2989d.jpg,Calm,Lifestyle
1_09576e24e8a1ef87.jpg,Playful,Lifestyle
1_09d5c268663a47e2.jpg,Calm,Lifestyle
1_0a7611b5b7e31aea.jpg,Calm,Product Showcase
1_0b1c09d8a339bc9e.jpg,Calm,Lifestyle
1_0b47e2f10f1232a4.jpg,Calm,Lifestyle
1_0b81af1215964390.jpg,Calm,Lifestyle
1_0bcbb11ab57c961e.jpg,Professional,Product Showcase
1_0c029ef0f3db8634.jpg,Professional,Promotional
1_0c9ef90e337e4351.jpg,Energetic,Lifestyle
1_0cbfd623173f7783.jpg,Calm,Lifestyle
1_0e2b682065586e23.jpg,Calm,Product Showcase
1_0ebeb4e30e04ba3c.jpg,Calm,Promotional
1_144a59715d3f9db3.jpg,Professional,Promotional
1_153849d045e7af04.jpg,Energetic,Lifestyle
1_1553c49f911295b0.jpg,Energetic,Lifestyle
1_166ec98ac759e63a.jpg,Playful,Lifestyle
1_16bb36e2d18299a2.jpg,Energetic,Lifestyle
1_17464f2c78d2c8c9.jpg,Professional,Product Showcase
1_1a49aeb442404d26.jpg,Calm,Lifestyle
1_1b9f8e3b53d2533b.jpg,Professional,Promotional
1_1ba4a92453026009.jpg,Calm,Lifestyle
1_1da8b43797d552c9.jpg,Professional,Promotional
1_1f04b7b07e64a6b9.jpg,Professional,Promotional
1_1f1244e1de030e5f.jpg,Calm,Lifestyle
1_1f28f8e679fc3308.jpg,Calm,Lifestyle
1_1fb92e4c7091b6d2.jpg,Energetic,Lifestyle
1_2004ad07280a0309.jpg,Energetic,Lifestyle
1_207c8d597842481f.jpg,Professional,Product Showcase
1_24495ea98e45f7ce.jpg,Playful,Lifestyle
1_2641a9bfac8c5d94.jpg,Calm,Lifestyle
1_26c72c10a9079d3e.jpg,Calm,Lifestyle
1_27a6e9c481fc66e6.jpg,Calm,Lifestyle
1_28721f32173a3148.jpg,Professional,Product Showcase
1_2acedada6cf3d4f2.jpg,Calm,Lifestyle
1_2bd842515bae1cf3.jpg,Calm,Lifestyle
1_2c048203520444d8.jpg,Energetic,Product Showcase
1_2cccdf037c3fed46.jpg,Professional,Product Showcase
1_2d6d6ba32b4d71d5.jpg,Calm,Product Showcase
1_2d743594c2b2ce1f.jpg,Calm,Lifestyle
1_2e06e580a0978c8f.jpg,Professional,Promotional
1_2e82cb196a4fb5be.jpg,Calm,Lifestyle
1_30045303d60506c1.jpg,Calm,Lifestyle
1_30706fa2bd9fe2f3.jpg,Professional,Product Showcase
1_323a8c85898ad120.jpg,Calm,Lifestyle
1_3274aefcd1b67c3c.jpg,Playful,Lifestyle
1_3292aa6dce0c4881.jpg,Professional,Product Showcase
1_341ba2700ca2b477.jpg,Calm,Lifestyle
1_348f5f981e6befd9.jpg,Calm,Lifestyle
1_34e83a714214fe76.jpg,Playful,Lifestyle
1_353117934ca4c015.jpg,Energetic,Lifestyle
1_374efed6709bf0e2.jpg,Calm,Lifestyle
1_3862c378c2906a65.jpg,Calm,Lifestyle
1_396c0ece04018a33.jpg,Calm,Lifestyle
1_39df0dfbeb286324.jpg,Professional,Promotional
1_3aa9ee616ad7e87a.jpg,Energetic,Lifestyle
1_3b2b8c5d5e42c185.jpg,Professional,Product Showcase
1_3bb83c27cc5f3d31.jpg,Calm,Lifestyle
1_3caf88ea268556b1.jpg,Calm,Lifestyle
1_3d7da7f42ee57add.jpg,Playful,Lifestyle
1_3ef7bdf2d1868c4f.jpg,Calm,Lifestyle
1_3f75587fa547bb23.jpg,Calm,Lifestyle
1_4085c91830615a20.jpg,Energetic,Lifestyle
1_40a961c3b3f08b17.jpg,Calm,Lifestyle
1_4189d2658d8031e4.jpg,Energetic,Lifestyle
1_42d01e25077e905a.jpg,Calm,Lifestyle
1_43cc459ffcc04b99.jpg,Energetic,Product Showcase
1_440022bd8a100767.jpg,Calm,Lifestyle
1_4420b9425d74276a.jpg,Calm,Product Showcase
1_448a341c72fb7c6c.jpg,Calm,Lifestyle
1_4532de97d9da86f6.jpg,Energetic,Lifestyle
1_4573253220417285.jpg,Professional,Product Showcase
1_462f2b9b844b944b.jpg,Calm,Lifestyle
1_4633aae11dd47c7d.jpg,Professional,Promotional
1_463b421d41244c47.jpg,Calm,Lifestyle
1_466ca947c1441c23.jpg,Professional,Promotional
1_469d99b4491f6785.jpg,Calm,Lifestyle
1_46b12f49b403339c.jpg,Playful,Lifestyle
1_4791ccd959bf31ae.jpg,Calm,Lifestyle
1_486df04d6000a0e4.jpg,Playful,Lifestyle
1_487bef2fe82dde99.jpg,Calm,Product Showcase
1_49f782aeb36f6f20.jpg,Calm,Lifestyle
1_4aa3f08c6ce9d6b7.jpg,Playful,Lifestyle
1_4bc41980c9078cce.jpg,Playful,Lifestyle
1_4c0f429fe9e1d963.jpg,Professional,Product Showcase
1_4da80b6ebf757339.jpg,Energetic,Lifestyle
1_4f1d098d5872beaf.jpg,Calm,Lifestyle
1_505ba8342295477c.jpg,Professional,Lifestyle
1_5073d40f3906d485.jpg,Energetic,Lifestyle
1_519b92238236bc91.jpg,Calm,Lifestyle
1_51b00001d14cb701.jpg,Calm,Lifestyle
1_52c3c42b899b1462.jpg,Calm,Lifestyle
1_54136694b373a7a6.jpg,Calm,Lifestyle
1_54215199966aedb3.jpg,Energetic,Lifestyle
1_54aeb75f587d577e.jpg,Energetic,Lifestyle
1_5693c1aff18e2a43.jpg,Energetic,Lifestyle
1_57142c11920ce25b.jpg,Professional,Promotional
1_57be172c6914c7b9.jpg,Playful,Lifestyle
1_58063ffdaac3add0.jpg,Professional,Promotional
1_59bdd735d87b8054.jpg,Calm,Product Showcase
1_59ef0837c44d483d.jpg,Calm,Lifestyle
1_5a049d0c7791341f.jpg,Energetic,Lifestyle
1_5b102cfb5c2778ee.jpg,Energetic,Lifestyle
1_5dba44033ce45348.jpg,Calm,Lifestyle
1_5e7cd07737565cad.jpg,Calm,Product Showcase
1_5f74b67a5e0eb414.jpg,Playful,Lifestyle
1_5fbce6cfb6b5ea15.jpg,Professional,Promotional
1_6167018fff1bf70a.jpg,Energetic,Lifestyle
1_61f9204dfb5b4094.jpg,Calm,Lifestyle
1_62be689a3d26eaa5.jpg,Calm,Lifestyle
1_630bb99185076e16.jpg,Energetic,Promotional
1_63acd7cca6a3e21d.jpg,Energetic,Lifestyle
1_63eb78ab1e190ee7.jpg,Professional,Promotional
1_64c60dfea658b88c.jpg,Calm,Product Showcase
1_64e2d39a3dd242ec.jpg,Calm,Lifestyle
1_6642993a76366217.jpg,Calm,Promotional
1_67384e5bbba4d994.jpg,Professional,Promotional
1_67822351e63372f4.jpg,Professional,Lifestyle
1_68c12ff0af924b7a.jpg,Energetic,Promotional
1_6a2580b4e92d5a12.jpg,Playful,Lifestyle
1_6d588cb9cb374167.jpg,Professional,Product Showcase
1_6eb9c6a0445804d7.jpg,Playful,Lifestyle
1_708a72084383a0a8.jpg,Calm,Lifestyle
1_709cad4cafcc8be5.jpg,Playful,Promotional
1_71bca8b2a9a3f7bc.jpg,Professional,Product Showcase
1_726a763af0fdd574.jpg,Calm,Lifestyle
1_728e20f28062fce7.jpg,Calm,Lifestyle
1_733016bb5521c50d.jpg,Calm,Lifestyle
1_73a9ebd76d915170.jpg,Energetic,Lifestyle
1_748c36c6cb7a9f8b.jpg,Calm,Lifestyle
1_7529c96545ed89b2.jpg,Calm,Lifestyle
1_77fc1bc4c4e8b113.jpg,Playful,Product Showcase
1_781428909e7b186f.jpg,Energetic,Lifestyle
1_783d8f396c2b2a8d.jpg,Calm,Lifestyle
1_78aebeafb75370d3.jpg,Energetic,Lifestyle
1_78e9dd4a77604c50.jpg,Playful,Lifestyle
1_7994012b30578043.jpg,Calm,Lifestyle
1_79ba5705889d5d25.jpg,Energetic,Lifestyle
1_7af4681a7185c224.jpg,Calm,Lifestyle
1_7c5f37681ea6e7bb.jpg,Energetic,Lifestyle
1_7cacce951fcff293.jpg,Calm,Lifestyle
1_7cd69b2cc819e78b.jpg,Calm,Lifestyle
1_7da9ad7b31c5cad4.jpg,Energetic,Lifestyle
1_7ded840ddfaab601.jpg,Playful,Lifestyle
1_80475bd56240692d.jpg,Professional,Promotional
1_80a0e6acd9021999.jpg,Professional,Product Showcase
1_80a333acdc6d6925.jpg,Calm,Lifestyle
1_80e31a62a7f176f4.jpg,Energetic,Lifestyle
1_8169378e121f6f92.jpg,Playful,Lifestyle
1_817b6624eab14a06.jpg,Calm,Lifestyle
1_81bed679d5a3169e.jpg,Calm,Lifestyle
1_82207ce756964e04.jpg,Calm,Lifestyle
1_82f9ae1d653cfe2f.jpg,Calm,Lifestyle
1_84566750e82d2681.jpg,Energetic,Lifestyle
1_85df0733bc3e5899.jpg,Energetic,Promotional
1_85f6271123311171.jpg,Calm,Lifestyle
1_87710a449194afe9.jpg,Calm,Lifestyle
1_87b63896de6e3574.jpg,Energetic,Lifestyle
1_87ddcbdfe12cc3ee.jpg,Calm,Lifestyle
1_8852e81be79afd54.jpg,Playful,Lifestyle
1_88e0f917ea9a8766.jpg,Professional,Product Showcase
1_894adae7fc3caef6.jpg,Professional,Product Showcase
1_8957fa758fd9130f.jpg,Calm,Lifestyle
1_89d9552a610e6a67.jpg,Energetic,Lifestyle
1_8a3d240a1a7d29dd.jpg,Calm,Product Showcase
1_8aa6837acb8735f4.jpg,Energetic,Lifestyle
1_8b49472a8a1a95db.jpg,Calm,Lifestyle
1_8c3aca5f7035cf53.jpg,Professional,Product Showcase
1_8d35ce1a326ea814.jpg,Energetic,Lifestyle
1_8da0333b664f8554.jpg,Calm,Lifestyle
1_8dfb351f0a1ef4f1.jpg,Professional,Product Showcase
1_8f58ce44aed4d10a.jpg,Calm,Product Showcase
1_916f558cf53b2887.jpg,Playful,Lifestyle
1_92b5014d796dfbb0.jpg,Calm,Lifestyle
1_94189616fd70c80f.jpg,Professional,Lifestyle
1_95d26486cc1aa7ee.jpg,Calm,Lifestyle
1_96394bf96d895046.jpg,Playful,Lifestyle
1_96a3fe0f9dfbde55.jpg,Calm,Lifestyle
1_96b05f1842ee5698.jpg,Energetic,Lifestyle
1_96e07898bb57ddac.jpg,Calm,Lifestyle
1_96eaa1737f241d02.jpg,Calm,Lifestyle
1_96ef3b2fd13b5937.jpg,Professional,Promotional
1_975c95cff6d5b2e5.jpg,Energetic,Lifestyle
1_976559500607b725.jpg,Energetic,Lifestyle
1_97959a639f818f5e.jpg,Energetic,Promotional
1_999cc9b521260d99.jpg,Calm,Promotional
1_9b619072594674b2.jpg,Professional,Product Showcase
1_9b6b99f641141ee9.jpg,Calm,Lifestyle
1_9bc088255afdadcd.jpg,Calm,Lifestyle
1_9bca3052fba67c09.jpg,Calm,Lifestyle
1_9c0c721bec0dd53d.jpg,Professional,Promotional
1_9c600a9771793976.jpg,Professional,Product Showcase
1_9cb5dd731f88c023.jpg,Professional,Promotional
1_9e2ed24e9cba7d66.jpg,Energetic,Product Showcase
1_9e3c58633db25865.jpg,Playful,Lifestyle
1_9e3cb95de0b0e01a.jpg,Calm,Lifestyle
1_a0c6f441aeb913ea.jpg,Calm,Lifestyle
1_a168d56a8d74d7cd.jpg,Playful,Lifestyle
1_a25518e4be71332e.jpg,Calm,Lifestyle
1_a28aefc195083a8b.jpg,Calm,Lifestyle
1_a2adcf97afc47d8f.jpg,Calm,Lifestyle
1_a30d142e32c2e8c5.jpg,Calm,Lifestyle
1_a31e5cab27e4db52.jpg,Calm,Lifestyle
1_a4bdb99c62f5fe78.jpg,Calm,Lifestyle
1_a4e5581e125c15bf.jpg,Calm,Lifestyle
1_a51d18a75189e43f.jpg,Energetic,Promotional
1_a6193b3b38705806.jpg,Playful,Lifestyle
1_a73e85a9677d255d.jpg,Energetic,Lifestyle
1_a77433167e072b50.jpg,Calm,Lifestyle
1_a779e7aeedbae924.jpg,Calm,Lifestyle
1_a79ec77f14bff489.jpg,Calm,Lifestyle
1_a7b93da72b21dc6f.jpg,Professional,Product Showcase
1_a82def27f20652cf.jpg,Calm,Product Showcase
1_a8dd333744067e3e.jpg,Professional,Product Showcase
1_ab212f492c65cf26.jpg,Playful,Product Showcase
1_abf0a47fe81780fd.jpg,Playful,Lifestyle
1_ac06ae0e57674001.jpg,Calm,Lifestyle
1_acb7a3c84e7538db.jpg,Professional,Product Showcase
1_ad3d362f5abb39e5.jpg,Calm,Lifestyle
1_ad79847276d7cf03.jpg,Calm,Lifestyle
1_b205d9b601a47cba.jpg,Energetic,Lifestyle
1_b2d9c0c1fd8eab06.jpg,Professional,Lifestyle
1_b4952dee371f9cf5.jpg,Calm,Lifestyle
1_b4a9ca21bcf03966.jpg,Energetic,Promotional
1_b4b4e6bbe30fd5d2.jpg,Energetic,Lifestyle
1_b4ca0daea814f186.jpg,Calm,Lifestyle
1_b5c5d9dbb9f4a846.jpg,Calm,Product Showcase
1_b6381c2a513e040d.jpg,Playful,Lifestyle
1_b721802599f8dbde.jpg,Professional,Lifestyle
1_b7279d78bee87e8d.jpg,Calm,Lifestyle
1_b788d6988fcca9b0.jpg,Energetic,Promotional
1_b7bab00ffcfe1870.jpg,Calm,Lifestyle
1_b814438935337f67.jpg,Calm,Lifestyle
1_b8a5936b6af33272.jpg,Calm,Product Showcase
1_b8d2203bb30386ea.jpg,Calm,Lifestyle
1_b98f51cc3ce98bd5.jpg,Professional,Promotional
1_b9c79f4d1ca4de10.jpg,Calm,Lifestyle
1_bb2e339df7474dfd.jpg,Professional,Lifestyle
1_bbe12865c9825927.jpg,Professional,Product Showcase
1_bc31422a24c53e14.jpg,Playful,Lifestyle
1_bcfdb93fad126e8b.jpg,Professional,Promotional
1_c1f02f04ef5d4367.jpg,Calm,Lifestyle
1_c235cd9dde510544.jpg,Professional,Product Showcase
1_c3434ab76d676404.jpg,Professional,Promotional
1_c35fed57fae90f35.jpg,Professional,Product Showcase
1_c4bfdbc843744c12.jpg,Professional,Product Showcase
1_c5055d8a24e35e29.jpg,Calm,Lifestyle
1_c50c2cdb5331267a.jpg,Energetic,Lifestyle
1_c6190e3f765bc6f9.jpg,Professional,Product Showcase
1_c64cc4d99ef0e0bb.jpg,Calm,Lifestyle
1_c7ce12e89c0aa3c5.jpg,Energetic,Lifestyle
1_c88f46869e536e3f.jpg,Calm,Lifestyle
1_c94637bc8d4ffba8.jpg,Professional,Product Showcase
1_ca7ec7e8d5710fc7.jpg,Playful,Lifestyle
1_cae99d7a3bafa395.jpg,Energetic,Lifestyle
1_cbd2e74fabb33d8d.jpg,Calm,Lifestyle
1_cc40fb4feb006d5f.jpg,Calm,Lifestyle
1_cd5ce3a55f65e0be.jpg,Calm,Lifestyle
1_cd95013e16e1a652.jpg,Professional,Product Showcase
1_cdcd1df1f7c16da5.jpg,Calm,Promotional
1_cebfc816e929702c.jpg,Professional,Product Showcase
1_cee109ed96f3e8f0.jpg,Calm,Lifestyle
1_d015c3eeda58d045.jpg,Calm,Lifestyle
1_d0513c0e901c2976.jpg,Calm,Lifestyle
1_d066d8c21f939429.jpg,Energetic,Lifestyle
1_d0852f8d839c6963.jpg,Playful,Lifestyle
1_d0a0dfb74740ae1a.jpg,Energetic,Product Showcase
1_d0a3e8abaf64c1e6.jpg,Professional,Promotional
1_d24222c6d50b9f9c.jpg,Calm,Lifestyle
1_d294eacbb12ef1b7.jpg,Energetic,Lifestyle
1_d2a8b448a97849a5.jpg,Calm,Lifestyle
1_d2e11ba044005891.jpg,Calm,Lifestyle
1_d44bf24163a22d40.jpg,Energetic,Lifestyle
1_d46f34138c865383.jpg,Energetic,Promotional
1_d51411c79b8e66c6.jpg,Calm,Lifestyle
1_d548b89484967c01.jpg,Playful,Lifestyle
1_d562a27a148d50a9.jpg,Professional,Lifestyle
1_d5ea7b58c657c50f.jpg,Energetic,Lifestyle
1_d6341669d02047d5.jpg,Calm,Lifestyle
1_d78ecd982b6a7ef7.jpg,Calm,Lifestyle
1_d917d4c26eec7c60.jpg,Calm,Lifestyle
1_daaf6ec7fa061d46.jpg,Calm,Lifestyle
1_dad7857313e576d8.jpg,Energetic,Lifestyle
1_dbee37165e36406b.jpg,Energetic,Promotional
1_dd7e88e9027b474d.jpg,Calm,Lifestyle
1_ddc1294bff6945a1.jpg,Energetic,Lifestyle
1_de1d6c9defbc9b39.jpg,Calm,Lifestyle
1_de2108f9e9ed7fea.jpg,Calm,Lifestyle
1_de7a2023a5df41b6.jpg,Playful,Lifestyle
1_deb0a4c86cf69782.jpg,Professional,Promotional
1_df84553afaf764d9.jpg,Calm,Lifestyle
1_e033da4b76c4d925.jpg,Professional,Promotional
1_e039d786d291d3df.jpg,Professional,Product Showcase
1_e0c69c42f25784c8.jpg,Professional,Product Showcase
1_e25f703055e57052.jpg,Calm,Lifestyle
1_e2760f34217d087c.jpg,Energetic,Lifestyle
1_e2a815d0a86f56da.jpg,Playful,Lifestyle
1_e3797186c04f193f.jpg,Calm,Product Showcase
1_e540202d056908a1.jpg,Calm,Lifestyle
1_e63ee44bf50baa2f.jpg,Calm,Lifestyle
1_e8551daa3ee58a04.jpg,Calm,Lifestyle
1_e9b6aafb70bdeb6a.jpg,Calm,Lifestyle
1_e9c9de00073a6da1.jpg,Calm,Lifestyle
1_ea46e8886e040820.jpg,Calm,Lifestyle
1_ea4e6117cc98c42e.jpg,Playful,Lifestyle
1_eb32a1ea7c92770b.jpg,Calm,Lifestyle
1_eb8236995240624e.jpg,Energetic,Lifestyle
1_ed4d0f595e5954e7.jpg,Energetic,Lifestyle
1_ee82dab078bc640b.jpg,Calm,Lifestyle
1_eed28f347201b52f.jpg,Playful,Product Showcase
1_ef30124f6050d0d9.jpg,Calm,Lifestyle
1_ef86093c332e0407.jpg,Calm,Lifestyle
1_efa27dd862a98967.jpg,Energetic,Lifestyle
1_f0056a51bd9306ad.jpg,Professional,Promotional
1_f0554ab7a7a3b6d2.jpg,Calm,Lifestyle
1_f488d724af5b2625.jpg,Energetic,Lifestyle
1_f4c1bec666776df5.jpg,Energetic,Lifestyle
1_f590675eba6f203f.jpg,Energetic,Promotional
1_f6bd41521330451b.jpg,Energetic,Lifestyle
1_f726278860dfa157.jpg,Calm,Lifestyle
1_f85be90ac5f9dbd7.jpg,Energetic,Lifestyle
1_f998e4e2d378a721.jpg,Calm,Lifestyle
1_f9affacbaeda8d02.jpg,Calm,Lifestyle
1_fa1c0e89a3b23889.jpg,Energetic,Lifestyle
1_fa40097fbf9f779e.jpg,Calm,Lifestyle
1_fa5d9209c56b80ae.jpg,Calm,Lifestyle
1_fc776dd153ca9667.jpg,Calm,Lifestyle
1_fd0c3e85bcb6c0c6.jpg,Energetic,Lifestyle
1_fd7b87a36039deda.jpg,Professional,Promotional
1_fe9444dab509402e.jpg,Calm,Lifestyle
1_ffc5dc96dcb57241.jpg,Energetic,Lifestyle
2_000bfd340e3fe9ee.jpg,Calm,Lifestyle
2_003c30b02d4fb5a5.jpg,Professional,Promotional
2_0049a8ab0b787a1a.jpg,Playful,Lifestyle
2_00869b41796072cc.jpg,Professional,Lifestyle
2_0201e36c9815c3ce.jpg,Playful,Promotional
2_022b01b33dccc463.jpg,Professional,Promotional
2_038399f2c7261a42.jpg,Energetic,Lifestyle
2_047ad356d17648e5.jpg,Energetic,Promotional
2_047c0dc615f10630.jpg,Calm,Lifestyle
2_0514ecc1adf5a15b.jpg,Professional,Promotional
2_055388fb47c713f7.jpg,Energetic,Promotional
2_0612b755421af8b6.jpg,Professional,Product Showcase
2_061dd8969515a3eb.jpg,Professional,Promotional
2_0710345630c6468c.jpg,Professional,Promotional
2_07f76a8dc1dd09d0.jpg,Playful,Lifestyle
2_08b70055c9507f6b.jpg,Playful,Lifestyle
2_0924a8ac3de2ea7f.jpg,Energetic,Lifestyle
2_09538b5296c2989d.jpg,Calm,Lifestyle
2_0a04828fc7936d8e.jpg,Calm,Lifestyle
2_0a1539acf9d12aec.jpg,Playful,Lifestyle
2_0a8ffbbfdd72c854.jpg,Professional,Promotional
2_0aac10455d64e932.jpg,Professional,Promotional
2_0b81af1215964390.jpg,Calm,Lifestyle
2_0c47c032f5524d4b.jpg,Professional,Promotional
2_0c8377bea300d438.jpg,Calm,Lifestyle
2_0ccbe0a3c2c3bcbc.jpg,Calm,Lifestyle
2_0d74a3ecf987934f.jpg,Energetic,Lifestyle
2_0dbe2e2ff06eba14.jpg,Professional,Product Showcase
2_0e0e6fff0196487e.jpg,Energetic,Lifestyle
2_0edebbdfc90437ce.jpg,Energetic,Lifestyle
2_0f91c5919d2fe7e4.jpg,Professional,Promotional
2_0fc2d6ededc121e3.jpg,Calm,Lifestyle
2_108017e7e9705420.jpg,Calm,Lifestyle
2_1149b0b30ad6f648.jpg,Calm,Lifestyle
2_137eb4ef2bdf42fc.jpg,Energetic,Lifestyle
2_13bce5ac56dac9e8.jpg,Professional,Product Showcase
2_14887adbb05870ad.jpg,Professional,Product Showcase
2_14d56131d1f836a9.jpg,Energetic,Promotional
2_14ea04fa0806d278.jpg,Calm,Product Showcase
2_15212c8f06ba9b21.jpg,Calm,Lifestyle
2_1671602ce619a7a7.jpg,Playful,Lifestyle
2_16d362ccc0c30355.jpg,Professional,Product Showcase
2_16f9421ab1282a85.jpg,Calm,Lifestyle
2_17bc3f658f8f82ae.jpg,Calm,Promotional
2_186aa56d177dcd84.jpg,Calm,Lifestyle
2_186b1eaf14ba1927.jpg,Playful,Lifestyle
2_188b718607c75a09.jpg,Calm,Lifestyle
2_18d58f0cccb265c4.jpg,Calm,Product Showcase
2_1945ef7f18bdff86.jpg,Energetic,Lifestyle
2_1a33eb60d809d15b.jpg,Professional,Promotional
2_1cf43ddbf5a8b871.jpg,Professional,Promotional
2_1da8b43797d552c9.jpg,Professional,Promotional
2_1ec340dd77b54652.jpg,Professional,Promotional
2_1f28f8e679fc3308.jpg,Calm,Lifestyle
2_201eb0942c7e7dbd.jpg,Calm,Lifestyle
2_210c8b02ea14e716.jpg,Calm,Lifestyle
2_224105cab41ef9c8.jpg,Playful,Lifestyle
2_225973af55f770c9.jpg,Professional,Promotional
2_227ec002dd50286f.jpg,Professional,Promotional
2_229532d6f02f18a0.jpg,Professional,Promotional
2_22d28046bd80daae.jpg,Calm,Lifestyle
2_22efcbf0396af5da.jpg,Playful,Promotional
2_24495ea98e45f7ce.jpg,Playful,Lifestyle
2_2612fe399f8c57f7.jpg,Calm,Lifestyle
2_263e95f46e2d773a.jpg,Calm,Lifestyle
2_2670a86a1fdef471.jpg,Playful,Lifestyle
2_2688a6b12e30776a.jpg,Professional,Promotional
2_27afe5da5473bf0b.jpg,Energetic,Promotional
2_282a5cd191516743.jpg,Playful,Lifestyle
2_285d64e6b9a22130.jpg,Calm,Product Showcase
2_28a2fcdba7fa61e4.jpg,Professional,Lifestyle
2_28bc091cef331dc0.jpg,Professional,Promotional
2_28bf1ca219d21ea2.jpg,Playful,Lifestyle
2_297dd68f148bafe8.jpg,Calm,Lifestyle
2_2a45eb05ff92d480.jpg,Calm,Lifestyle
2_2a4d414086d17341.jpg,Calm,Product Showcase
2_2a5e43d38be29fc3.jpg,Energetic,Lifestyle
2_2ba2c8b967cf60d5.jpg,Professional,Product Showcase
2_2baf1a7e16a04e0d.jpg,Professional,Promotional
2_2c68a9e77a4af672.jpg,Calm,Lifestyle
2_2ceb745ccccd0fe6.jpg,Professional,Promotional
2_2d18c62c34d2e892.jpg,Calm,Lifestyle
2_2d6b6fc7d559c32a.jpg,Energetic,Lifestyle
2_2d9789bfe2df9aa0.jpg,Calm,Lifestyle
2_2da5a60fd8a5cc79.jpg,Energetic,Lifestyle
2_2da77f4ccabb4023.jpg,Playful,Lifestyle
2_2dad5add0c5f1ed0.jpg,Calm,Lifestyle
2_2dc43d0c46d15d5a.jpg,Professional,Promotional
2_2df72904a60b1fcd.jpg,Professional,Promotional
2_2e55facc076a7675.jpg,Professional,Promotional
2_2e877f1e9b121889.jpg,Energetic,Lifestyle
2_2f83269482122f22.jpg,Professional,Promotional
2_2fd6fb470fea9151.jpg,Professional,Promotional
2_316becca2196e88b.jpg,Professional,Promotional
2_3171db8a9d4d91c3.jpg,Calm,Lifestyle
2_317ce04bc3a8ad85.jpg,Calm,Lifestyle
2_322a78e9a93d7c31.jpg,Calm,Lifestyle
2_32599c785183bf7a.jpg,Energetic,Lifestyle
2_3274aefcd1b67c3c.jpg,Playful,Lifestyle
2_32f427b78c4758aa.jpg,Playful,Lifestyle
2_332869175a4a14a0.jpg,Professional,Lifestyle
2_3391efee60ae14bb.jpg,Professional,Promotional
2_346db67a2301b534.jpg,Professional,Promotional
2_347e0972e5923f74.jpg,Calm,Lifestyle
2_353117934ca4c015.jpg,Energetic,Lifestyle
2_35749f0ad0ce6fd3.jpg,Calm,Lifestyle
2_358998a673214145.jpg,Calm,Lifestyle
2_35b5ae187d50bf0a.jpg,Calm,Lifestyle
2_37099c623140d1a7.jpg,Calm,Lifestyle
2_37acc9ad3c3cb092.jpg,Playful,Lifestyle
2_395b6fc7a97c377f.jpg,Calm,Lifestyle
2_39a79e55bbd38f51.jpg,Professional,Promotional
2_3b3605c867ba43f6.jpg,Energetic,Promotional
2_3b681f0573e24f4b.jpg,Calm,Promotional
2_3bb83c27cc5f3d31.jpg,Calm,Lifestyle
2_3d9e4fb17184b3eb.jpg,Professional,Product Showcase
2_3f75587fa547bb23.jpg,Calm,Lifestyle
2_4016e6489a0fc99a.jpg,Playful,Lifestyle
2_40a5829a8274b211.jpg,Professional,Promotional
2_4165a0e22a1a69d1.jpg,Professional,Promotional
2_41af998fb31d293d.jpg,Calm,Lifestyle
2_4267a9b7a8ef4ad7.jpg,Professional,Promotional
2_42d37f17084b08ae.jpg,Professional,Promotional
2_435411391eadef9a.jpg,Energetic,Lifestyle
2_440022bd8a100767.jpg,Calm,Lifestyle
2_447a0cc362b6e2c2.jpg,Calm,Lifestyle
2_45964fe1302c634f.jpg,Professional,Product Showcase
2_45968fc48890e9e7.jpg,Energetic,Lifestyle
2_45e84e0118f72357.jpg,Calm,Promotional
2_461d5bb6750e3f54.jpg,Calm,Lifestyle
2_46ff75a8e8e4a967.jpg,Calm,Lifestyle
2_4743dd8389a36fcc.jpg,Energetic,Promotional
2_47c8ff794514635b.jpg,Calm,Lifestyle
2_4816b707114225e0.jpg,Calm,Lifestyle
2_48f767a972e00651.jpg,Professional,Promotional
2_4a3d0038e52efe47.jpg,Energetic,Lifestyle
2_4aa0e4a26d9c60be.jpg,Calm,Product Showcase
2_4ae59b6b6833387e.jpg,Energetic,Lifestyle
2_4b96695ed3aec4e8.jpg,Professional,Product Showcase
2_4c8898043200b784.jpg,Calm,Lifestyle
2_4dbd115ad9bf3f15.jpg,Calm,Lifestyle
2_4e556e7dc5d29d02.jpg,Professional,Promotional
2_4ec308db825fd115.jpg,Energetic,Promotional
2_4fe1315ff5fc256a.jpg,Professional,Promotional
2_5074d8b42e9b7a92.jpg,Professional,Promotional
2_50880f5cd238ed04.jpg,Professional,Promotional
2_52acc3850dc71f09.jpg,Calm,Lifestyle
2_52b08eb3f976e2af.jpg,Professional,Promotional
2_55fb9761eb156498.jpg,Energetic,Promotional
2_5657809d98f1f015.jpg,Calm,Lifestyle
2_5688c4ecd8b28ab0.jpg,Calm,Promotional
2_56cd57eb26e62798.jpg,Professional,Promotional
2_571fae30720379da.jpg,Playful,Lifestyle
2_575b7c9796bb58ed.jpg,Professional,Promotional
2_57fbaae991be3bd4.jpg,Professional,Promotional
2_585f1ee5c57342c3.jpg,Professional,Promotional
2_587274528b4fb7d8.jpg,Professional,Promotional
2_5898b47d910e5e0a.jpg,Professional,Promotional
2_5996403da4459624.jpg,Professional,Promotional
2_5a3d833c003ed52d.jpg,Professional,Product Showcase
2_5a98236a8fd652ac.jpg,Professional,Promotional
2_5b7051f9fe5ff6b8.jpg,Professional,Promotional
2_5b86f9bf449187cb.jpg,Playful,Lifestyle
2_5b9d766d16c87a44.jpg,Calm,Lifestyle
2_5bfb410578d330ea.jpg,Professional,Lifestyle
2_5c05e444d2ebde1e.jpg,Professional,Promotional
2_5d799fb62f1e02d7.jpg,Energetic,Promotional
2_5d874d9db64878d7.jpg,Professional,Product Showcase
2_5e5dbae22e83df14.jpg,Professional,Promotional
2_5ea8fae997aa79ae.jpg,Calm,Lifestyle
2_5fc50dc60018478a.jpg,Professional,Promotional
2_60a2ef77bd1854cd.jpg,Calm,Lifestyle
2_616306c6a2abd951.jpg,Calm,Promotional
2_6189ef80af5ee2d7.jpg,Professional,Promotional
2_61a22708ccc600b5.jpg,Calm,Lifestyle
2_62071e9fdda40abc.jpg,Calm,Lifestyle
2_629c3919da1c37ab.jpg,Playful,Lifestyle
2_63f28f0cc1f5fe2e.jpg,Playful,Lifestyle
2_64661368ed6e5d55.jpg,Calm,Lifestyle
2_648cddb78d2917fc.jpg,Playful,Lifestyle
2_64d332b007389239.jpg,Calm,Lifestyle
2_655abeaeca77fc0d.jpg,Professional,Promotional
2_65a2e50f8ef8c76a.jpg,Energetic,Lifestyle
2_6642cd694bcd7af3.jpg,Professional,Product Showcase
2_66a94d58bb64c475.jpg,Professional,Promotional
2_67384e5bbba4d994.jpg,Professional,Promotional
2_6742ccde5755b112.jpg,Energetic,Promotional
2_67822351e63372f4.jpg,Professional,Lifestyle
2_68c12ff0af924b7a.jpg,Energetic,Promotional
2_690bac11e79b45e2.jpg,Professional,Promotional
2_69123df6ee074cc9.jpg,Energetic,Lifestyle
2_6a88af8bbdcd7694.jpg,Professional,Promotional
2_6b1ebbf82f2a3233.jpg,Energetic,Lifestyle
2_6b8902949bdb0ade.jpg,Energetic,Lifestyle
2_6ce75c6bba8b57e5.jpg,Energetic,Lifestyle
2_6cf733dcbbfce562.jpg,Calm,Lifestyle
2_6d02a071801d3f12.jpg,Calm,Lifestyle
2_6d03c35a6ff2c268.jpg,Professional,Lifestyle
2_6d77914cf1120278.jpg,Calm,Lifestyle
2_6ddfab993ab58766.jpg,Calm,Lifestyle
2_6e32b0b0ae469e48.jpg,Playful,Lifestyle
2_6e7e5a38687029c0.jpg,Calm,Lifestyle
2_6ec5888e1f4e9c3e.jpg,Professional,Promotional
2_6edc1fc6856dc996.jpg,Professional,Promotional
2_6ede4f6daed652db.jpg,Calm,Lifestyle
2_6efcd01061c26b08.jpg,Professional,Promotional
2_7117a24aaccc2779.jpg,Playful,Lifestyle
2_7136bdccf064b544.jpg,Professional,Promotional
2_717dcd9a5fefe1b8.jpg,Calm,Lifestyle
2_7305028c54666b69.jpg,Calm,Lifestyle
2_73b0893f3cbdaab7.jpg,Professional,Promotional
2_740af42174b8589f.jpg,Energetic,Promotional
2_7509ae7e1df3b51b.jpg,Energetic,Lifestyle
2_75e31b1175f6fdb9.jpg,Calm,Lifestyle
2_76b6e3e6cf3091dc.jpg,Energetic,Promotional
2_77c5f600e3fd25ee.jpg,Energetic,Promotional
2_78e2d3c59556b780.jpg,Energetic,Promotional
2_7a317e36fa5bdffe.jpg,Professional,Lifestyle
2_7a4d64f4f04deff8.jpg,Professional,Product Showcase
2_7a75940aaf9cf40d.jpg,Professional,Promotional
2_7b26cf6c79af2353.jpg,Professional,Promotional
2_7d78a2e4b42f7ac0.jpg,Professional,Promotional
2_7ddf2fb9a1a5dfdd.jpg,Energetic,Lifestyle
2_7ee04cfe4478737b.jpg,Calm,Lifestyle
2_7f16f6d23fd4e90f.jpg,Playful,Lifestyle
2_80475bd56240692d.jpg,Professional,Promotional
2_812ee03ce7371f17.jpg,Calm,Lifestyle
2_817b6624eab14a06.jpg,Calm,Lifestyle
2_8182d6872384d0fd.jpg,Professional,Product Showcase
2_81b69076bbce1c63.jpg,Energetic,Promotional
2_81b9c7ed5d0fe067.jpg,Professional,Promotional
2_821949984394a481.jpg,Calm,Promotional
2_822d12223285bd8f.jpg,Professional,Promotional
2_8264180c27be62d6.jpg,Energetic,Lifestyle
2_8272a98d16b41265.jpg,Calm,Lifestyle
2_834f21939fecb251.jpg,Professional,Promotional
2_839ce0d6b05c2d24.jpg,Energetic,Lifestyle
2_83a0c949b2372152.jpg,Professional,Promotional
2_842ea09005d943d5.jpg,Calm,Promotional
2_84bf12350bf50b10.jpg,Energetic,Lifestyle
2_84f4f47b35209015.jpg,Professional,Lifestyle
2_854599da87337efd.jpg,Professional,Lifestyle
2_85d70a7f7fc2f833.jpg,Professional,Promotional
2_8627e2c20a6a25ac.jpg,Calm,Lifestyle
2_8650d4fc4f42ad8d.jpg,Energetic,Promotional
2_8669dc1de7543b38.jpg,Playful,Product Showcase
2_869ac5974a2bfeae.jpg,Calm,Promotional
2_86cb93851527698a.jpg,Calm,Lifestyle
2_87640ad2403f0d13.jpg,Calm,Lifestyle
2_8766c2f0c3586085.jpg,Playful,Lifestyle
2_87b396d09715470e.jpg,Professional,Lifestyle
2_87b61e2207ffd388.jpg,Calm,Lifestyle
2_88292f674aff9ebc.jpg,Calm,Lifestyle
2_88c0121bfb86d7bb.jpg,Calm,Lifestyle
2_898f71bcebb38c95.jpg,Energetic,Promotional
2_89a10192ed342f8f.jpg,Professional,Promotional
2_89b007cd72ee7003.jpg,Professional,Lifestyle
2_89f68333e6f2998d.jpg,Playful,Lifestyle
2_8a806a101b4e0cc4.jpg,Professional,Promotional
2_8aa5e0d4c76f60da.jpg,Energetic,Lifestyle
2_8aa6837acb8735f4.jpg,Energetic,Lifestyle
2_8b9558f777215eab.jpg,Energetic,Promotional
2_8bf0595ff7f6b5aa.jpg,Energetic,Lifestyle
2_8c82b10ec079cc31.jpg,Energetic,Promotional
2_8e478ea290f7846a.jpg,Calm,Lifestyle
2_8f2aa6ed27c99bc5.jpg,Professional,Promotional
2_8f3b7d1ced6507fb.jpg,Professional,Lifestyle
2_8f764ee69cb2d826.jpg,Playful,Lifestyle
2_8fa4f18ed2bf1c40.jpg,Professional,Promotional
2_8fb129fbd1009c81.jpg,Professional,Promotional
2_90e1dc536cb3d26d.jpg,Calm,Lifestyle
2_9146cf32b99c9611.jpg,Calm,Lifestyle
2_92d37824e29ac5b6.jpg,Calm,Lifestyle
2_931ad508eaeaeb15.jpg,Calm,Lifestyle
2_9360d4c182cfafcc.jpg,Professional,Promotional
2_9440dd0201c58a4d.jpg,Energetic,Promotional
2_94ffffc1970fbc59.jpg,Calm,Lifestyle
2_95295df32dbfa78c.jpg,Energetic,Promotional
2_957607b20c3d5bfc.jpg,Energetic,Promotional
2_959eeeca82621137.jpg,Professional,Lifestyle
2_95c455bab62272ec.jpg,Calm,Lifestyle
2_965b4dccff47fa5d.jpg,Playful,Lifestyle
2_97b0c9d05cfbb7d8.jpg,Calm,Product Showcase
2_99f2f589394206be.jpg,Professional,Product Showcase
2_9ac640e071ead643.jpg,Calm,Lifestyle
2_9ae28861b5f7e2ef.jpg,Professional,Promotional
2_9b043e64f6e41ea8.jpg,Calm,Lifestyle
2_9b7b4ea3ae9d0142.jpg,Playful,Lifestyle
2_9c3e9b60c6f823ca.jpg,Energetic,Lifestyle
2_9c5de14b123bcbba.jpg,Calm,Lifestyle
2_9cb5dd731f88c023.jpg,Professional,Promotional
2_9cd9316302e78b7c.jpg,Calm,Lifestyle
2_9cf4d50b1d915ebb.jpg,Energetic,Lifestyle
2_9eb9904c30ab5d56.jpg,Professional,Promotional
2_9f3bbb596ace9f54.jpg,Energetic,Lifestyle
2_a0977473e81fd4b6.jpg,Professional,Promotional
2_a0a85e52fa67d727.jpg,Professional,Promotional
2_a15c04ff07aca920.jpg,Professional,Promotional
2_a27ae0688ec7f7ef.jpg,Playful,Lifestyle
2_a31e5cab27e4db52.jpg,Calm,Lifestyle
2_a39868070f151029.jpg,Playful,Lifestyle
2_a3c19c96c359e9a3.jpg,Energetic,Promotional
2_a3cf5c9be118a580.jpg,Energetic,Promotional
2_a3e8bda0a85baef4.jpg,Energetic,Lifestyle
2_a51d18a75189e43f.jpg,Energetic,Promotional
2_a54ea6be4952ea75.jpg,Professional,Promotional
2_a5709bf98687dc6b.jpg,Professional,Promotional
2_a5e94f4624c44a85.jpg,Calm,Lifestyle
2_a5ebe86b73c0264a.jpg,Playful,Lifestyle
2_a66076e07eea8f9b.jpg,Professional,Promotional
2_a6743141fa0d5cd1.jpg,Calm,Lifestyle
2_a7e43c9baae199d4.jpg,Playful,Lifestyle
2_a8910bbd6b0325b0.jpg,Energetic,Promotional
2_a8a3e89dc0842bf0.jpg,Energetic,Product Showcase
2_a8addf70644c5cda.jpg,Playful,Lifestyle
2_a8bdc57ec1645856.jpg,Calm,Lifestyle
2_aab4bf54d2f53fa0.jpg,Energetic,Promotional
2_ab5098ec4b3614db.jpg,Playful,Lifestyle
2_acb7a3c84e7538db.jpg,Professional,Product Showcase
2_acfb270c0fa13d44.jpg,Professional,Promotional
2_ad067a25004c53a1.jpg,Calm,Lifestyle
2_ae363004e1916802.jpg,Calm,Lifestyle
2_af329b48b6245933.jpg,Professional,Lifestyle
2_af778c144a599c27.jpg,Calm,Promotional
2_afdb3655468441de.jpg,Energetic,Lifestyle
2_b13433e0a273e574.jpg,Professional,Promotional
2_b183ceb5c6188874.jpg,Professional,Promotional
2_b242ce9e8b0cc3b4.jpg,Professional,Promotional
2_b291f655a3163885.jpg,Professional,Promotional
2_b333fb33991b4902.jpg,Energetic,Lifestyle
2_b34a17d573bb9239.jpg,Playful,Lifestyle
2_b404f2976ac84b9a.jpg,Energetic,Promotional
2_b47262cddce0a51c.jpg,Professional,Promotional
2_b4a807eda8dd15f2.jpg,Playful,Product Showcase
2_b4ef126ea689111b.jpg,Professional,Promotional
2_b58febb60be658e6.jpg,Energetic,Lifestyle
2_b5b3ba9ac54f67cc.jpg,Calm,Lifestyle
2_b6c9a8cf2ec3ca30.jpg,Professional,Promotional
2_b721802599f8dbde.jpg,Professional,Lifestyle
2_b788d6988fcca9b0.jpg,Energetic,Promotional
2_b7897796c179289c.jpg,Calm,Lifestyle
2_b832bc0cf0076b26.jpg,Calm,Lifestyle
2_b932fa1ba30035ae.jpg,Professional,Promotional
2_b968128e14fbbc6c.jpg,Energetic,Lifestyle
2_b9cc7dfa184376b2.jpg,Playful,Lifestyle
2_b9fc460f41259997.jpg,Professional,Product Showcase
2_ba5120a6d3fe662a.jpg,Energetic,Promotional
2_bba4332103681c78.jpg,Playful,Lifestyle
2_bbd5e6365abfa7f0.jpg,Professional,Promotional
2_bbec09879a493a06.jpg,Playful,Lifestyle
2_bc3beb8c4571d5ca.jpg,Calm,Lifestyle
2_bde4c270482e58a7.jpg,Professional,Promotional
2_be3be76f693bf1e0.jpg,Professional,Promotional
2_be7452471356aa7e.jpg,Energetic,Promotional
2_be9370886da5ecf4.jpg,Professional,Product Showcase
2_bf643f599bc21807.jpg,Calm,Lifestyle
2_c01ffb78817de038.jpg,Professional,Promotional
2_c0221826f798f9cd.jpg,Professional,Promotional
2_c1039fe52a475d9c.jpg,Energetic,Promotional
2_c1240e9448f868c5.jpg,Playful,Lifestyle
2_c1d70a263c50aae7.jpg,Professional,Promotional
2_c1e1398d42a77d4a.jpg,Calm,Lifestyle
2_c300bd83b161163c.jpg,Calm,Lifestyle
2_c3434ab76d676404.jpg,Professional,Promotional
2_c43c82488fcb80a1.jpg,Professional,Promotional
2_c4725090a3ab0288.jpg,Professional,Promotional
2_c55271bc47812713.jpg,Energetic,Promotional
2_c556d0963374bf7d.jpg,Professional,Promotional
2_c5a1e8aa5a97af58.jpg,Calm,Lifestyle
2_c5b913d832d6372c.jpg,Professional,Promotional
2_c671b2c714f68ca6.jpg,Professional,Promotional
2_c688d3ea25748647.jpg,Playful,Lifestyle
2_c70c6b49c9c32ed6.jpg,Calm,Lifestyle
2_c71ec563b3bc5aee.jpg,Energetic,Promotional
2_c7839c47a6b1e904.jpg,Professional,Promotional
2_c78e80ea1ea8cd34.jpg,Energetic,Lifestyle
2_c798c6e9e958e910.jpg,Energetic,Lifestyle
2_c7c4244f6c31a7ad.jpg,Playful,Promotional
2_c900b2e258186bca.jpg,Professional,Promotional
2_c94637bc8d4ffba8.jpg,Professional,Product Showcase
2_c9632ce1883de00c.jpg,Energetic,Promotional
2_c9d4cc783b12748b.jpg,Calm,Lifestyle
2_c9dcd2123d45f152.jpg,Calm,Lifestyle
2_ca7ec7e8d5710fc7.jpg,Playful,Lifestyle
2_cb60e6ee2341da8b.jpg,Calm,Lifestyle
2_cbf654d740e66561.jpg,Professional,Promotional
2_cce96784b8e0d18b.jpg,Calm,Product Showcase
2_cd3d5f31fb4b68f5.jpg,Calm,Lifestyle
2_cdb011a758fa002b.jpg,Calm,Product Showcase
2_cdcf221ac5358f8c.jpg,Professional,Promotional
2_ce66989b4bc0cd71.jpg,Calm,Promotional
2_ceef213894229eb8.jpg,Professional,Promotional
2_cf1d7874aa6eb374.jpg,Calm,Lifestyle
2_cfeda4a6633d9357.jpg,Playful,Lifestyle
2_d040e12bbfc04528.jpg,Professional,Promotional
2_d07909e59947c0ac.jpg,Playful,Lifestyle
2_d15d786713ef2d57.jpg,Calm,Lifestyle
2_d17b6959639f74da.jpg,Energetic,Lifestyle
2_d17c35176c2eb936.jpg,Calm,Lifestyle
2_d251160064dd67eb.jpg,Energetic,Lifestyle
2_d28e2361b30754b2.jpg,Professional,Promotional
2_d35050368385b2f6.jpg,Energetic,Lifestyle
2_d3fa3c7a36fa6d51.jpg,Professional,Lifestyle
2_d48186fbea4fd9f6.jpg,Professional,Product Showcase
2_d48b16b745710794.jpg,Calm,Lifestyle
2_d4c1d7bb0aa47ccd.jpg,Professional,Lifestyle
2_d6c160861f3c7480.jpg,Energetic,Lifestyle
2_d6c453f5ff631f76.jpg,Professional,Lifestyle
2_d7082866ef3bcade.jpg,Energetic,Lifestyle
2_d7671e1176dddaa6.jpg,Professional,Lifestyle
2_d86621ad69bb5f7b.jpg,Professional,Lifestyle
2_d9b34f7c031cbec7.jpg,Professional,Lifestyle
2_d9b6df304c1f96f5.jpg,Calm,Lifestyle
2_da67becc665b4aa0.jpg,Energetic,Promotional
2_db64c94d029a3648.jpg,Professional,Promotional
2_dbe9b2634b69f7e3.jpg,Professional,Promotional
2_dbf4930a2abd6497.jpg,Professional,Product Showcase
2_dc00e79d7a45ba23.jpg,Playful,Lifestyle
2_dd415fcf4a5117fe.jpg,Playful,Promotional
2_ddcbc00c37ef1e1a.jpg,Professional,Product Showcase
2_defc6a0222d12ad6.jpg,Professional,Promotional
2_df84e155228f053e.jpg,Calm,Lifestyle
2_e0c1d2e77565f0cb.jpg,Professional,Promotional
2_e1512d63cbf56d05.jpg,Calm,Product Showcase
2_e1690907d94df0a1.jpg,Energetic,Promotional
2_e23543c420eb917b.jpg,Professional,Promotional
2_e2760f34217d087c.jpg,Energetic,Lifestyle
2_e2f5c9f9fd76fed2.jpg,Energetic,Lifestyle
2_e4deddd6e1c67c3e.jpg,Professional,Promotional
2_e4f73fc56a4b5199.jpg,Professional,Promotional
2_e5ae6b26a68071f5.jpg,Professional,Promotional
2_e5c420612ff82ce2.jpg,Professional,Promotional
2_e711a27ccb080e7a.jpg,Energetic,Promotional
2_e765bfc51a964b1a.jpg,Professional,Promotional
2_e89556a806f098ff.jpg,Professional,Promotional
2_e92dffba0943918e.jpg,Calm,Product Showcase
2_e9b446341dfa0a63.jpg,Energetic,Lifestyle
2_ea5162e1ebfd3f96.jpg,Calm,Lifestyle
2_ea83a9f649a3663f.jpg,Professional,Promotional
2_eb31373e8f152ee4.jpg,Calm,Lifestyle
2_eb6441ec1528ba0c.jpg,Calm,Lifestyle
2_ebf835d2eab7770f.jpg,Calm,Promotional
2_ec6e1325f9278ef4.jpg,Energetic,Lifestyle
2_ecf8cee8bdbf02da.jpg,Professional,Promotional
2_ed79cb94bb3b7976.jpg,Calm,Product Showcase
2_ed9680d51f185f95.jpg,Professional,Promotional
2_eda7d2f1173eb9bd.jpg,Calm,Lifestyle
2_edc9da32e4a5b335.jpg,Professional,Lifestyle
2_ee38638b66fd0a93.jpg,Calm,Promotional
2_eec4ea440db2a1a9.jpg,Professional,Promotional
2_eefb82a65e3c0869.jpg,Professional,Promotional
2_ef86093c332e0407.jpg,Calm,Lifestyle
2_efbb60ad45690e22.jpg,Playful,Lifestyle
2_efe73f70e25769cd.jpg,Calm,Lifestyle
2_f007bd34f0e07006.jpg,Energetic,Lifestyle
2_f07fa9171ecaf5f1.jpg,Professional,Promotional
2_f0bc8f1578cf347c.jpg,Energetic,Promotional
2_f10ba5b83c4fa2a7.jpg,Calm,Lifestyle
2_f2a1de919b5e0810.jpg,Calm,Lifestyle
2_f3730eabf501a4d9.jpg,Professional,Promotional
2_f39970c8ae9d5f40.jpg,Energetic,Lifestyle
2_f590675eba6f203f.jpg,Energetic,Promotional
2_f6401834c5ed88dd.jpg,Professional,Promotional
2_f6a6048752ccae07.jpg,Calm,Product Showcase
2_f8ede5b9bc7c6a8d.jpg,Professional,Product Showcase
2_f9c8f534c46e4244.jpg,Energetic,Promotional
2_fa95614d2c51e70d.jpg,Professional,Promotional
2_fae53b227d89dfee.jpg,Professional,Promotional
2_fbe9023d1914974b.jpg,Calm,Promotional
2_fc33f7ac38f9e67e.jpg,Professional,Lifestyle
2_fd195b125454c71a.jpg,Calm,Lifestyle
2_fe0e733be71cb101.jpg,Professional,Promotional
2_fedf9bdc2150b15d.jpg,Playful,Lifestyle
2_ff6daa26261342f7.jpg,Professional,Promotional
3_00008d167563158c.jpg,Calm,Promotional
3_00140806971e7a73.jpg,Calm,Product Showcase
3_00145f02006b6ef9.jpg,Calm,Product Showcase
3_001a08b51f3d79bb.jpg,Energetic,Product Showcase
3_003c30b02d4fb5a5.jpg,Professional,Promotional
3_0049a8ab0b787a1a.jpg,Playful,Lifestyle
3_006afe56d09e8a25.jpg,Professional,Promotional
3_006fed82511b783c.jpg,Energetic,Lifestyle
3_00d43877b888fd5a.jpg,Professional,Product Showcase
3_00f6063f74a06749.jpg,Energetic,Promotional
3_00fbe9708cd7161c.jpg,Calm,Lifestyle
3_013832bc7bb5375e.jpg,Calm,Lifestyle
3_0196775d4dc7c7a0.jpg,Playful,Lifestyle
3_03101c49ec2dc9d6.jpg,Professional,Product Showcase
3_034b0473908642b6.jpg,Energetic,Product Showcase
3_0386752a5ae59809.jpg,Professional,Promotional
3_04ff1cfea398bce7.jpg,Playful,Lifestyle
3_077038ffad187813.jpg,Energetic,Product Showcase
3_08dfa91f8ca06713.jpg,Professional,Product Showcase
3_09203796f70bd173.jpg,Playful,Product Showcase
3_09576e24e8a1ef87.jpg,Playful,Lifestyle
3_0a6cf9b99c33fab8.jpg,Energetic,Lifestyle
3_0a7611b5b7e31aea.jpg,Calm,Product Showcase
3_0b47e2f10f1232a4.jpg,Calm,Lifestyle
3_0ca63a6717f8f12e.jpg,Calm,Product Showcase
3_0d695135fb227a1a.jpg,Playful,Lifestyle
3_0db193f64ab9e24c.jpg,Professional,Product Showcase
3_0eceeb0408530967.jpg,Energetic,Promotional
3_101f3fe42fb99e1e.jpg,Playful,Lifestyle
3_10e4e80af49067e6.jpg,Calm,Lifestyle
3_12831d3d6decb0cd.jpg,Playful,Promotional
3_129d3a29ef00a992.jpg,Calm,Promotional
3_13bce5ac56dac9e8.jpg,Professional,Product Showcase
3_149c922318ccae59.jpg,Energetic,Promotional
3_14a298d2c16a010d.jpg,Energetic,Promotional
3_14ea04fa0806d278.jpg,Calm,Product Showcase
3_15c0f01a6effcebd.jpg,Energetic,Promotional
3_168e560f35946709.jpg,Professional,Promotional
3_17bc3f658f8f82ae.jpg,Calm,Promotional
3_17e269725162459c.jpg,Energetic,Promotional
3_18d58f0cccb265c4.jpg,Calm,Product Showcase
3_19381a4f945c674d.jpg,Energetic,Product Showcase
3_1a74491ac7fa8c3e.jpg,Energetic,Product Showcase
3_1d3b2856f6220ba1.jpg,Calm,Product Showcase
3_1e99fa40c8af64e0.jpg,Professional,Product Showcase
3_1eebe557dcf69b41.jpg,Calm,Lifestyle
3_1f2fce94167fc9eb.jpg,Calm,Promotional
3_207c8d597842481f.jpg,Professional,Product Showcase
3_224105cab41ef9c8.jpg,Playful,Lifestyle
3_229aabdfa9604487.jpg,Playful,Lifestyle
3_22d28046bd80daae.jpg,Calm,Lifestyle
3_24f7973e67d5106c.jpg,Calm,Product Showcase
3_259d05b2a85284fe.jpg,Playful,Product Showcase
3_262ecefc233e3e72.jpg,Professional,Product Showcase
3_264bc942fe37dd4b.jpg,Calm,Promotional
3_28bf1ca219d21ea2.jpg,Playful,Lifestyle
3_2960f6d19c4c3f9a.jpg,Calm,Lifestyle
3_297dd68f148bafe8.jpg,Calm,Lifestyle
3_2c1f9149780e247c.jpg,Professional,Promotional
3_2d57a42007c46a30.jpg,Energetic,Product Showcase
3_2d7681fa3a73c9e3.jpg,Energetic,Promotional
3_2da3bd56c306c0a4.jpg,Calm,Product Showcase
3_308452dfa653d37d.jpg,Playful,Lifestyle
3_30e8084831b1cafe.jpg,Calm,Promotional
3_30fbb458858aacb6.jpg,Calm,Lifestyle
3_323d650ff9cd39d6.jpg,Calm,Promotional
3_348a16712cd2f283.jpg,Calm,Lifestyle
3_35872bd9a1215f80.jpg,Playful,Lifestyle
3_35b5ae187d50bf0a.jpg,Calm,Lifestyle
3_35e5d03797789b42.jpg,Professional,Product Showcase
3_366593c2b9157e56.jpg,Calm,Promotional
3_371e79b77bf17702.jpg,Calm,Promotional
3_39ae5aa5cfab7a4c.jpg,Professional,Product Showcase
3_3bc6040c20b625b2.jpg,Calm,Lifestyle
3_3bfa002d1ec3893f.jpg,Professional,Promotional
3_3c237ff58f0faab1.jpg,Professional,Product Showcase
3_3d3a10a80f257e06.jpg,Calm,Product Showcase
3_3e1fb3c3c76e691c.jpg,Energetic,Lifestyle
3_3e227f29a9483bd0.jpg,Calm,Promotional
3_3edccfe429e2ef25.jpg,Energetic,Lifestyle
3_4157ca9141b7b364.jpg,Energetic,Promotional
3_43bcbe6035c640d2.jpg,Calm,Product Showcase
3_45df2b07df137e53.jpg,Calm,Promotional
3_464ab9a0ec845761.jpg,Calm,Lifestyle
3_47c8ff794514635b.jpg,Calm,Lifestyle
3_492e4f5971cd218a.jpg,Calm,Lifestyle
3_4d4c559dbfb86b00.jpg,Calm,Lifestyle
3_4df3f5254957c227.jpg,Energetic,Product Showcase
3_4e5808449d5fb2e6.jpg,Calm,Promotional
3_4fbd4a485044fe07.jpg,Calm,Promotional
3_52d0371e7eff8a62.jpg,Professional,Promotional
3_53f94095da3ab661.jpg,Calm,Lifestyle
3_559e64df49adf054.jpg,Calm,Product Showcase
3_55fb9761eb156498.jpg,Energetic,Promotional
3_5688c4ecd8b28ab0.jpg,Calm,Promotional
3_57c9f70834b4c5cc.jpg,Calm,Lifestyle
3_5923f44507177d9f.jpg,Calm,Lifestyle
3_5996403da4459624.jpg,Professional,Promotional
3_5c9c98e7c5e9dc45.jpg,Playful,Promotional
3_5ddea41bdbe91d4f.jpg,Playful,Lifestyle
3_5e626140edd7c540.jpg,Calm,Lifestyle
3_5e7cd07737565cad.jpg,Calm,Product Showcase
3_6258f96c0bf0d2d3.jpg,Energetic,Lifestyle
3_628acfeba412edee.jpg,Energetic,Promotional
3_630bb99185076e16.jpg,Energetic,Promotional
3_6627aaf0c106c09b.jpg,Calm,Lifestyle
3_6642993a76366217.jpg,Calm,Promotional
3_675a144211a885a8.jpg,Energetic,Promotional
3_6c67376411fa45c7.jpg,Energetic,Promotional
3_6e930563c751479c.jpg,Energetic,Promotional
3_7136bdccf064b544.jpg,Professional,Promotional
3_71b65d4b85294ae7.jpg,Calm,Lifestyle
3_720fb30d5ef8d8e8.jpg,Calm,Lifestyle
3_73651e7db2a8825e.jpg,Professional,Promotional
3_738cad1ca7d2d17a.jpg,Energetic,Lifestyle
3_73d8bb7961a5a335.jpg,Calm,Lifestyle
3_746c123a3b79a540.jpg,Calm,Lifestyle
3_74712a897ee590a4.jpg,Calm,Product Showcase
3_785ae77bd265dcb9.jpg,Calm,Product Showcase
3_78ac8d9c85b67358.jpg,Calm,Product Showcase
3_79a1cc63d7b19a0a.jpg,Professional,Promotional
3_7bd1d1645b2884b9.jpg,Energetic,Promotional
3_7bf39e12bcce6ec7.jpg,Calm,Product Showcase
3_83214bf98449923c.jpg,Professional,Promotional
3_83e7d6e153ff03a0.jpg,Calm,Lifestyle
3_843f272db922a0cf.jpg,Calm,Lifestyle
3_8652e44e34f6b7ea.jpg,Calm,Lifestyle
3_87a61fb371125df8.jpg,Energetic,Promotional
3_882566a417048260.jpg,Energetic,Promotional
3_889a4353c5e7b54b.jpg,Energetic,Product Showcase
3_89101c63a5aa131c.jpg,Professional,Product Showcase
3_894343a563fd56f6.jpg,Calm,Promotional
3_898f71bcebb38c95.jpg,Energetic,Promotional
3_8b7516b490c0948c.jpg,Playful,Product Showcase
3_8d13304584d58112.jpg,Calm,Promotional
3_8ddf3f0cff4c5b00.jpg,Professional,Promotional
3_8e42c7a3dad83630.jpg,Calm,Lifestyle
3_8f58ce44aed4d10a.jpg,Calm,Product Showcase
3_9171ede2f20674e2.jpg,Calm,Lifestyle
3_931ad508eaeaeb15.jpg,Calm,Lifestyle
3_94ffffc1970fbc59.jpg,Calm,Lifestyle
3_96e07898bb57ddac.jpg,Calm,Lifestyle
3_96eedae6ddf3e86e.jpg,Calm,Lifestyle
3_96ef3b2fd13b5937.jpg,Professional,Promotional
3_9c5de14b123bcbba.jpg,Calm,Lifestyle
3_9c9369789431929f.jpg,Calm,Lifestyle
3_9cb737166c31c9b7.jpg,Calm,Lifestyle
3_9f570528014ecbcf.jpg,Energetic,Promotional
3_a11d05f18bc0ecbf.jpg,Calm,Product Showcase
3_a2a8fd2ce4214481.jpg,Energetic,Promotional
3_a3e8bda0a85baef4.jpg,Energetic,Lifestyle
3_a66076e07eea8f9b.jpg,Professional,Promotional
3_a6a264ee286fd468.jpg,Calm,Promotional
3_a7765587be63e861.jpg,Calm,Lifestyle
3_a99f69b1e77be485.jpg,Playful,Lifestyle
3_ad5187dca225f587.jpg,Calm,Product Showcase
3_af245f6628084a19.jpg,Professional,Promotional
3_aff93041ae207597.jpg,Energetic,Product Showcase
3_b21c55d94c1ea748.jpg,Playful,Lifestyle
3_b3068f73df1505f4.jpg,Calm,Lifestyle
3_b6d38e8031650380.jpg,Professional,Product Showcase
3_b7a3e3acb312f96d.jpg,Calm,Lifestyle
3_b968128e14fbbc6c.jpg,Energetic,Lifestyle
3_ba5120a6d3fe662a.jpg,Energetic,Promotional
3_bb87f739ef5190ba.jpg,Professional,Product Showcase
3_bbf78dc3cb397ea8.jpg,Calm,Promotional
3_be1951f068c6aebb.jpg,Calm,Lifestyle
3_be19cdd40fda3ad6.jpg,Calm,Promotional
3_c12b3477524c8306.jpg,Calm,Product Showcase
3_c6190e3f765bc6f9.jpg,Professional,Product Showcase
3_c6245a09043fc658.jpg,Professional,Promotional
3_c6a97c1fcfc1f758.jpg,Calm,Lifestyle
3_c6e2eebff1247330.jpg,Energetic,Promotional
3_c7794c8631a8448a.jpg,Calm,Promotional
3_c7bf2a4927f01822.jpg,Calm,Promotional
3_c83806445d539f52.jpg,Professional,Promotional
3_c9f8929467bcae97.jpg,Calm,Lifestyle
3_cb60e6ee2341da8b.jpg,Calm,Lifestyle
3_cc14376c676429e0.jpg,Energetic,Product Showcase
3_ccef72a7e48ecb4e.jpg,Energetic,Promotional
3_cdb011a758fa002b.jpg,Calm,Product Showcase
3_ce66989b4bc0cd71.jpg,Calm,Promotional
3_cf95eb9c65c4247d.jpg,Calm,Lifestyle
3_d04bd85dd231602e.jpg,Playful,Lifestyle
3_d2579bc8f1dd45b5.jpg,Playful,Lifestyle
3_d3c4ca13096ba176.jpg,Calm,Product Showcase
3_d45ba7b5782c612d.jpg,Calm,Product Showcase
3_d78ecd982b6a7ef7.jpg,Calm,Lifestyle
3_d7b822b5a8341d82.jpg,Energetic,Promotional
3_d7c9c68825e06b26.jpg,Calm,Lifestyle
3_dbe9b2634b69f7e3.jpg,Professional,Promotional
3_dbee37165e36406b.jpg,Energetic,Promotional
3_dfcf0c0ef7ff8106.jpg,Energetic,Lifestyle
3_e039d786d291d3df.jpg,Professional,Product Showcase
3_e0ca38aeb445c69b.jpg,Calm,Lifestyle
3_e0f144e79f1318f6.jpg,Calm,Product Showcase
3_e3872b298749b2e9.jpg,Energetic,Lifestyle
3_e47897322d25619a.jpg,Energetic,Product Showcase
3_e52788530c0149f6.jpg,Playful,Lifestyle
3_e89556a806f098ff.jpg,Professional,Promotional
3_e942b3a37a13baae.jpg,Calm,Promotional
3_ea672f485c36ad85.jpg,Calm,Product Showcase
3_ea83a9f649a3663f.jpg,Professional,Promotional
3_ed79cb94bb3b7976.jpg,Calm,Product Showcase
3_ee325fba7f5ce4b7.jpg,Calm,Lifestyle
3_ef9c2f8af111e0ac.jpg,Playful,Lifestyle
3_f0369adfecc6062b.jpg,Calm,Promotional
3_f65aff4fab13f9c2.jpg,Professional,Promotional
3_f9826e51e43e5b9c.jpg,Calm,Promotional
3_fa8a1d042787b0ac.jpg,Calm,Lifestyle
3_fab8ae3c45854932.jpg,Calm,Lifestyle
3_fab8f8ce5d14cb91.jpg,Calm,Promotional
3_fbafb12cb24e677f.jpg,Calm,Product Showcase
3_fbe9a1ccf7e5c507.jpg,Calm,Promotional
3_fc5c170ba66b839b.jpg,Professional,Promotional
3_fd9e58fb7fc27159.jpg,Energetic,Promotional
3_febf1bd014e38b86.jpg,Calm,Product Showcase
